-- MySQL dump 10.13  Distrib 8.0.38, for Win64 (x86_64)
--
-- Host: localhost    Database: sistemamascotas
-- ------------------------------------------------------
-- Server version	8.0.39

/*!40101 SET @OLD_CHARACTER_SET_CLIENT=@@CHARACTER_SET_CLIENT */;
/*!40101 SET @OLD_CHARACTER_SET_RESULTS=@@CHARACTER_SET_RESULTS */;
/*!40101 SET @OLD_COLLATION_CONNECTION=@@COLLATION_CONNECTION */;
/*!50503 SET NAMES utf8 */;
/*!40103 SET @OLD_TIME_ZONE=@@TIME_ZONE */;
/*!40103 SET TIME_ZONE='+00:00' */;
/*!40014 SET @OLD_UNIQUE_CHECKS=@@UNIQUE_CHECKS, UNIQUE_CHECKS=0 */;
/*!40014 SET @OLD_FOREIGN_KEY_CHECKS=@@FOREIGN_KEY_CHECKS, FOREIGN_KEY_CHECKS=0 */;
/*!40101 SET @OLD_SQL_MODE=@@SQL_MODE, SQL_MODE='NO_AUTO_VALUE_ON_ZERO' */;
/*!40111 SET @OLD_SQL_NOTES=@@SQL_NOTES, SQL_NOTES=0 */;

--
-- Table structure for table `clientes`
--

DROP TABLE IF EXISTS `clientes`;
/*!40101 SET @saved_cs_client     = @@character_set_client */;
/*!50503 SET character_set_client = utf8mb4 */;
CREATE TABLE `clientes` (
  `cliente_id` int NOT NULL AUTO_INCREMENT,
  `ci` varchar(20) NOT NULL,
  `nombre` varchar(255) NOT NULL,
  `primerApellido` varchar(255) NOT NULL,
  `segundoApellido` varchar(255) DEFAULT NULL,
  `celular` varchar(15) DEFAULT NULL,
  `total_compras` int NOT NULL DEFAULT '0',
  `tipo_cliente` varchar(45) NOT NULL,
  PRIMARY KEY (`cliente_id`)
) ENGINE=InnoDB AUTO_INCREMENT=8 DEFAULT CHARSET=utf8mb4 COLLATE=utf8mb4_0900_ai_ci;
/*!40101 SET character_set_client = @saved_cs_client */;

--
-- Dumping data for table `clientes`
--

LOCK TABLES `clientes` WRITE;
/*!40000 ALTER TABLE `clientes` DISABLE KEYS */;
INSERT INTO `clientes` VALUES (1,'12968962','Gustavoo','Marquez','Mendieta','62609245',1928,'cliente nuevo'),(2,'124552','Juan Daniel','Vicente','Quispe','74757678',0,''),(3,'4072054','Roly','Lazaro','Cari','69484828',1241,'cliente nuevo'),(4,'4053226','Fermina ','Torrez','Pizarro','69489817',0,''),(5,'4072055','Cesar','Castro','Felipes','69484822',0,''),(6,'4072056','Limbert','Belen','Suarez','69482828',0,''),(7,'4072058','Juan','Perez','Rojas','69484829',12963,'cliente frecuente');
/*!40000 ALTER TABLE `clientes` ENABLE KEYS */;
UNLOCK TABLES;

--
-- Table structure for table `detalles_pedidos`
--

DROP TABLE IF EXISTS `detalles_pedidos`;
/*!40101 SET @saved_cs_client     = @@character_set_client */;
/*!50503 SET character_set_client = utf8mb4 */;
CREATE TABLE `detalles_pedidos` (
  `id` int NOT NULL AUTO_INCREMENT,
  `pedido_id` int NOT NULL,
  `producto_id` int NOT NULL,
  `cantidad` int NOT NULL,
  `estado` tinyint NOT NULL DEFAULT '1',
  PRIMARY KEY (`id`),
  KEY `pedido_id` (`pedido_id`),
  KEY `producto_id` (`producto_id`),
  CONSTRAINT `detalles_pedidos_ibfk_1` FOREIGN KEY (`pedido_id`) REFERENCES `pedidos` (`id`),
  CONSTRAINT `detalles_pedidos_ibfk_2` FOREIGN KEY (`producto_id`) REFERENCES `productos` (`producto_id`)
) ENGINE=InnoDB AUTO_INCREMENT=176 DEFAULT CHARSET=utf8mb4 COLLATE=utf8mb4_0900_ai_ci;
/*!40101 SET character_set_client = @saved_cs_client */;

--
-- Dumping data for table `detalles_pedidos`
--

LOCK TABLES `detalles_pedidos` WRITE;
/*!40000 ALTER TABLE `detalles_pedidos` DISABLE KEYS */;
INSERT INTO `detalles_pedidos` VALUES (1,1,60,2,3),(2,1,45,2,3),(3,2,39,1,3),(4,3,36,2,3),(5,3,38,1,3),(6,3,39,1,3),(7,4,66,1,3),(8,4,69,1,3),(9,4,67,1,3),(10,5,3,1,3),(11,5,8,1,3),(12,5,7,1,3),(13,6,6,1,3),(14,6,7,1,3),(15,7,3,1,3),(16,7,7,1,3),(17,8,8,1,3),(18,9,8,1,3),(19,10,5,1,2),(20,10,1,1,2),(21,11,16,1,3),(22,11,9,1,3),(23,12,4,31,3),(24,13,18,1,3),(25,13,35,1,3),(26,14,6,1,2),(27,14,16,1,2),(28,15,37,1,3),(29,15,5,1,3),(30,15,6,1,3),(31,16,3,1,3),(32,16,7,1,3),(33,17,38,1,3),(34,17,5,1,3),(35,18,38,1,3),(36,19,4,1,3),(37,20,35,1,3),(38,20,38,1,3),(39,20,39,1,3),(40,21,14,1,3),(41,21,12,1,3),(42,21,19,1,3),(43,22,5,2,3),(44,22,14,1,3),(45,22,30,1,3),(46,23,28,1,3),(47,23,5,1,3),(48,23,4,5,3),(49,24,57,7,3),(50,25,3,8,3),(51,26,38,6,3),(52,27,5,6,3),(53,28,38,13,3),(54,29,3,12,3),(55,30,3,1,3),(56,30,5,1,3),(57,30,9,1,3),(58,30,7,1,3),(59,30,19,1,3),(60,30,24,1,3),(61,30,25,1,3),(62,30,33,1,3),(63,30,71,6,3),(64,31,37,13,3),(65,32,10,5,3),(66,33,38,6,3),(67,34,3,5,3),(68,34,5,1,3),(69,34,8,7,3),(70,35,38,6,3),(71,35,36,5,3),(72,35,43,3,3),(73,35,53,10,3),(74,36,58,12,3),(75,36,62,10,3),(76,37,39,6,3),(77,37,46,7,3),(78,37,52,6,3),(79,38,37,15,3),(80,39,38,1,3),(81,39,39,1,3),(82,40,37,5,3),(83,41,5,13,3),(84,42,5,10,3),(85,43,3,6,3),(86,44,38,5,3),(87,45,3,4,3),(88,46,38,5,3),(89,47,5,3,3),(90,48,38,2,3),(91,48,37,3,3),(92,49,3,7,3),(93,50,9,1,3),(94,51,4,1,3),(95,51,3,1,3),(96,51,9,1,3),(97,51,10,3,3),(98,52,4,1,3),(99,52,3,2,3),(100,52,6,1,3),(101,52,12,10,3),(102,53,38,1,3),(103,53,39,1,3),(104,53,37,1,3),(105,53,36,1,3),(106,53,35,1,3),(107,53,43,1,3),(108,53,44,1,3),(109,53,41,12,3),(110,54,39,10,3),(111,55,5,1,3),(112,55,3,1,3),(113,55,4,1,3),(114,55,9,1,3),(115,55,7,10,3),(116,56,39,6,3),(117,56,42,15,3),(118,57,1,1,3),(119,57,6,1,3),(120,57,10,1,3),(121,57,12,10,3),(122,58,38,1,3),(123,59,5,1,3),(124,60,37,1,3),(125,60,36,1,3),(126,61,36,1,3),(127,61,101,1,3),(128,62,5,1,2),(129,62,4,1,2),(130,63,37,1,3),(131,63,36,1,3),(132,64,35,1,3),(133,65,5,1,3),(134,66,5,1,3),(135,67,4,1,3),(136,68,4,1,3),(137,69,37,1,3),(138,70,37,1,3),(139,71,4,1,3),(140,72,4,1,3),(141,73,4,1,3),(142,74,5,1,3),(143,75,4,1,3),(144,76,4,1,3),(145,77,4,1,3),(146,78,4,1,3),(147,79,4,1,3),(148,80,4,1,3),(149,81,4,1,3),(150,82,4,1,3),(151,83,4,1,3),(152,84,4,1,3),(153,85,4,1,3),(154,86,4,1,3),(155,87,4,1,3),(156,88,4,1,3),(157,89,4,1,3),(158,90,4,1,3),(159,91,4,1,3),(160,92,4,1,3),(161,93,4,1,3),(162,94,4,1,3),(163,95,4,1,3),(164,96,6,1,3),(165,96,5,1,3),(166,97,5,1,3),(167,98,5,1,3),(168,98,6,1,3),(169,99,38,1,3),(170,100,6,1,3),(171,101,6,1,3),(172,102,5,1,3),(173,103,4,1,3),(174,104,4,1,3),(175,105,37,1,1);
/*!40000 ALTER TABLE `detalles_pedidos` ENABLE KEYS */;
UNLOCK TABLES;

--
-- Table structure for table `pedidos`
--

DROP TABLE IF EXISTS `pedidos`;
/*!40101 SET @saved_cs_client     = @@character_set_client */;
/*!50503 SET character_set_client = utf8mb4 */;
CREATE TABLE `pedidos` (
  `id` int NOT NULL AUTO_INCREMENT,
  `cliente_id` int NOT NULL,
  `fechaPedido` timestamp NULL DEFAULT CURRENT_TIMESTAMP,
  PRIMARY KEY (`id`),
  KEY `cliente_id` (`cliente_id`),
  CONSTRAINT `pedidos_ibfk_1` FOREIGN KEY (`cliente_id`) REFERENCES `clientes` (`cliente_id`)
) ENGINE=InnoDB AUTO_INCREMENT=106 DEFAULT CHARSET=utf8mb4 COLLATE=utf8mb4_0900_ai_ci;
/*!40101 SET character_set_client = @saved_cs_client */;

--
-- Dumping data for table `pedidos`
--

LOCK TABLES `pedidos` WRITE;
/*!40000 ALTER TABLE `pedidos` DISABLE KEYS */;
INSERT INTO `pedidos` VALUES (1,1,'2024-10-29 16:48:48'),(2,1,'2024-10-29 16:52:56'),(3,3,'2024-10-29 23:28:05'),(4,3,'2024-11-03 02:44:13'),(5,3,'2024-11-03 02:49:04'),(6,3,'2024-11-03 02:50:33'),(7,3,'2024-11-03 03:03:12'),(8,3,'2024-11-03 03:04:18'),(9,3,'2024-11-03 03:05:07'),(10,3,'2024-11-03 14:26:07'),(11,3,'2024-11-03 14:31:10'),(12,3,'2024-11-03 16:02:07'),(13,3,'2024-11-03 16:03:54'),(14,3,'2024-11-03 16:04:20'),(15,3,'2024-11-03 16:05:13'),(16,3,'2024-11-03 23:48:11'),(17,3,'2024-11-04 03:36:17'),(18,4,'2024-11-04 03:38:57'),(19,3,'2024-11-05 03:37:44'),(20,3,'2024-01-08 07:41:22'),(21,3,'2024-01-13 07:42:32'),(22,3,'2024-02-22 07:45:15'),(23,3,'2024-03-17 07:46:20'),(24,3,'2024-04-10 07:47:38'),(25,3,'2024-05-13 08:48:38'),(26,4,'2024-05-13 08:49:12'),(27,4,'2024-06-04 06:50:46'),(28,4,'2024-07-07 06:51:34'),(29,4,'2024-08-17 06:52:17'),(30,4,'2024-09-08 10:53:24'),(31,3,'2024-09-08 10:54:15'),(32,4,'2024-09-08 10:54:47'),(33,4,'2024-09-08 10:55:02'),(34,3,'2024-10-20 08:55:14'),(35,4,'2024-10-20 08:55:53'),(36,3,'2024-10-20 08:56:33'),(37,3,'2024-10-20 08:57:46'),(38,4,'2024-10-20 09:00:38'),(39,4,'2024-08-26 07:02:13'),(40,3,'2024-08-26 07:02:35'),(41,3,'2024-08-26 07:03:30'),(42,4,'2024-08-26 07:05:49'),(43,4,'2024-08-26 07:06:10'),(44,3,'2024-07-26 07:06:58'),(45,4,'2024-07-26 07:08:46'),(46,3,'2024-07-26 07:09:03'),(47,3,'2024-07-26 07:10:55'),(48,4,'2024-07-26 07:11:40'),(49,4,'2024-07-26 07:12:47'),(50,4,'2024-10-26 07:14:09'),(51,4,'2024-10-26 07:14:42'),(52,4,'2024-10-26 07:15:43'),(53,4,'2024-09-26 07:16:47'),(54,3,'2024-09-26 07:17:19'),(55,4,'2024-09-26 07:17:47'),(56,4,'2024-03-26 07:19:09'),(57,4,'2024-03-26 07:19:55'),(58,5,'2024-11-06 03:57:33'),(59,6,'2024-11-06 03:59:21'),(60,3,'2024-11-06 21:24:38'),(61,7,'2024-11-06 22:38:14'),(62,3,'2024-11-06 22:40:08'),(63,7,'2024-11-10 21:29:49'),(64,7,'2024-11-10 21:30:43'),(65,7,'2024-11-10 21:37:47'),(66,7,'2024-11-10 21:42:17'),(67,7,'2024-11-10 21:46:51'),(68,7,'2024-11-10 21:51:14'),(69,7,'2024-11-10 21:52:44'),(70,7,'2024-11-10 21:55:55'),(71,7,'2024-11-10 21:58:47'),(72,7,'2024-11-10 22:09:01'),(73,7,'2024-11-10 22:12:59'),(74,7,'2024-11-10 22:24:14'),(75,7,'2024-11-10 22:26:29'),(76,7,'2024-11-10 22:29:20'),(77,7,'2024-11-10 22:31:34'),(78,7,'2024-11-10 22:39:01'),(79,7,'2024-11-10 22:40:38'),(80,7,'2024-11-10 22:41:23'),(81,7,'2024-11-10 22:45:32'),(82,7,'2024-11-10 22:47:20'),(83,7,'2024-11-10 22:50:51'),(84,3,'2024-11-10 22:53:10'),(85,7,'2024-11-10 22:54:19'),(86,7,'2024-11-10 22:55:16'),(87,7,'2024-11-10 22:57:09'),(88,7,'2024-11-10 23:00:09'),(89,7,'2024-11-10 23:02:13'),(90,7,'2024-11-10 23:04:58'),(91,7,'2024-11-10 23:12:24'),(92,7,'2024-11-10 23:16:38'),(93,7,'2024-11-10 23:20:42'),(94,7,'2024-11-11 22:38:16'),(95,7,'2024-11-11 23:06:55'),(96,1,'2024-11-11 23:09:26'),(97,1,'2024-11-11 23:11:30'),(98,3,'2024-11-11 23:12:24'),(99,1,'2024-11-11 23:13:18'),(100,1,'2024-11-11 23:14:01'),(101,1,'2024-11-11 23:14:50'),(102,1,'2024-11-11 23:15:44'),(103,7,'2024-11-13 01:48:48'),(104,7,'2024-11-17 17:41:53'),(105,1,'2024-12-03 02:38:57');
/*!40000 ALTER TABLE `pedidos` ENABLE KEYS */;
UNLOCK TABLES;

--
-- Table structure for table `productos`
--

DROP TABLE IF EXISTS `productos`;
/*!40101 SET @saved_cs_client     = @@character_set_client */;
/*!50503 SET character_set_client = utf8mb4 */;
CREATE TABLE `productos` (
  `producto_id` int NOT NULL AUTO_INCREMENT,
  `nombre` varchar(100) NOT NULL,
  `descripcion` text,
  `precio` decimal(10,2) NOT NULL,
  `oferta` decimal(10,0) NOT NULL DEFAULT '0',
  `stock` int NOT NULL,
  `categoria` varchar(50) DEFAULT NULL,
  `mascota` varchar(45) NOT NULL,
  `tipo` varchar(45) NOT NULL,
  `imagen_url` varchar(255) DEFAULT NULL,
  `fechaActualizacion` timestamp NULL DEFAULT NULL,
  `fechaCreacion` timestamp NULL DEFAULT CURRENT_TIMESTAMP,
  `estado` tinyint DEFAULT '1',
  PRIMARY KEY (`producto_id`)
) ENGINE=InnoDB AUTO_INCREMENT=123 DEFAULT CHARSET=utf8mb4 COLLATE=utf8mb4_0900_ai_ci;
/*!40101 SET character_set_client = @saved_cs_client */;

--
-- Dumping data for table `productos`
--

LOCK TABLES `productos` WRITE;
/*!40000 ALTER TABLE `productos` DISABLE KEYS */;
INSERT INTO `productos` VALUES (1,'Kukipets Paquete Ispis','Descripción\r\nSnacks deshidratados con fuente de colageno y glucosamina, aporta proteina de calidad y alto nivel de digestibilidad, limpian y fortalecen los dientes y mandibula de nuestras mascotas.',29.00,1,230,'Alimento','gato','Snacks y Premios','https://petkorp.com/wp-content/uploads/2023/02/KUKI10_0-1-scaled.jpg','2024-11-03 16:11:21','2024-10-28 22:40:08',1),(2,'Hill\'s Puppy','Hill\'s Science Diet, nutrición equilibrada para cachorros en crecimiento.',45.99,0,100,'Alimento','perro','Alimento Seco','https://www.hillspet.com.pe/content/dam/pim/hills/es_pe/sd/dry/sd-canine-puppy-small-bites-dry-productShot_500.png','2024-11-03 16:11:24','2024-10-28 22:47:34',1),(3,'CIBAU Adulto Raza. Grande 15kg','Alimento completo y balanceado para perros adultos de razas grandes y gigantes\r\nCroquetas Especiales – Partículas adecuadas para perros adultos de razas grandes y gigantes que proporcionan mejor masticación del alimento.\r\n\r\nSuporte Articular – Beta glucanas y omega 3 (EPA y DHA) favorecen la manutención de las articulaciones.\r\n+ Biodisponibilidad – Minerales orgánicos son mejor aprovechados, proporcionando más salud y vitalidad.',418.00,0,80,'Alimento','perro','Alimento Seco','https://eddress.s3.eu-west-1.amazonaws.com/market-products/merchants/7wg0D5ChQU-pXxzCDmVhkA/5e472c831031ca48ecc1b738.png?v=38','2024-10-29 15:21:48','2024-10-29 15:21:48',1),(4,'CIBAU Adulto Rza. Mediana 15kg','Alimento completo y balanceado para perros adultos de razas medianas\r\n\r\nCroquetas Especiales – Partículas adecuadas para perros adultos de razas medianas que proporcionan mejor masticación del alimento.\r\n\r\nAlta Digestibilidad – ingredientes seleccionados y de calidad aliados a un proceso de alta tecnología, aportan un óptimo aprovechamiento del alimento.\r\n\r\n+ Biodisponibilidad – Minerales orgánicos son mejor aprovechados, proporcionando más salud y vitalidad.',415.00,0,222,'Alimento','perro','Alimento Seco','https://d34xtejqjqcp3x.cloudfront.net/store/e1483ca5002c6de67fa7b7e658b93f54.png?X-Amz-Algorithm=AWS4-HMAC-SHA256&X-Amz-Credential=AKIAICTJHRPRHFBTAWCA%2F20241029%2Fsa-east-1%2Fs3%2Faws4_request&X-Amz-Date=20241029T180942Z&X-Amz-Expires=900&X-Amz-SignedHe','2024-10-29 15:22:42','2024-10-29 15:22:42',1),(5,'CIBAU Light Rza. Mediana y Grande 12kg','Alimento completo y balanceado para perros adultos de razas medianas y grandes con tendencia a la ganar peso o castrados\r\n\r\nMos/Fos – Prebióticos para el desarrollo de la flora intestinal.\r\n\r\nCalorías Reducidas – Favorece el mantenimiento de peso.\r\n\r\n+ Fibras – Mayor cantidad y fibras especiales favorecen la sensación de saciedad.',394.00,0,192,'Alimento','perro','Alimento Seco Especial','https://petkorp.com/wp-content/uploads/2022/12/5e2a2848350e5401d9b3758e.png','2024-10-29 15:23:34','2024-10-29 15:23:34',1),(6,'ROYAL CANIN Gastro Intestinal Canine 2kg','Está específicamente formulado para la nutrición de perros con problemas digestivos que necesitan una rápida recuperación o se encuentran en estado convaleciente, indicado especialmente para problemas de diarreas agudas o crónicas, así como también para tratar EII (Enfermedad inflamatoria intestinal), mala digestión, colitis, sobrecrecimiento bacteriano, gastritis, anorexia e insuficiencia pacreática exocrina.',279.00,2,82,'Alimento','perro','Alimento Seco Especial','https://d34xtejqjqcp3x.cloudfront.net/store/f08529e106b11c781180aca526afeece.webp?X-Amz-Algorithm=AWS4-HMAC-SHA256&X-Amz-Credential=AKIAICTJHRPRHFBTAWCA%2F20241029%2Fsa-east-1%2Fs3%2Faws4_request&X-Amz-Date=20241029T181034Z&X-Amz-Expires=900&X-Amz-SignedH','2024-10-29 15:24:05','2024-10-29 15:24:05',1),(7,'Delicias 8 en 1 Hueso Gourmet 1 unidad','Hueso para perros de 20cm. Una forma práctica y sencilla de favorecer la higiene dental y satisfacer la necesidad natural de masticación que tienen los perros.',23.00,0,300,'Alimento','perro','Snacks y Premios','https://mixo.com.bo/media/catalog/product/cache/2c3902c409c7a000c9a4b95ec086ecc4/4/7/47051.png','2024-10-29 15:25:04','2024-10-29 15:25:04',1),(8,'Delicias 8 en 1 Sticks de Carne 70gr','Snacks para mascotas. Favorece una mejora de la higiene bucal al reducir el nivel de sarro mediante la acción natural de la masticación. Delicioso y saludable satisface las necesidades de masticación de su perro.',21.00,0,400,'Alimento','perro','Snacks y Premios','https://petkorp.com/wp-content/uploads/2023/01/AIDS22_0.jpg','2024-10-29 15:26:14','2024-10-29 15:26:14',1),(9,'Casa para Perro Durahouse Nº4','DuraHouse fue especialmente diseñado pensando en el bienestar del animal, un producto totalmente inyectado, desarrollado con plástico 100% reciclado, además de ser más resistente, de calidad y duradero. La casa cuenta con chimenea para entrada y salida de aire eliminando posibles olores, el techo cuenta con tratamiento UV que protege a la mascota de los rayos ultravioleta. Fácil de montar y desmontar gracias a su sistema de cierre a presión “easy-click”, que además facilita la limpieza del producto. Disponible en 5 tamaños y 4 colores diferentes. DuraHouse #4 está diseñado para perros de raza mediana/grande.',610.00,1,50,'Accesorios','perro','Casas Camas y Frazadas','https://petkorp.com/wp-content/uploads/2023/02/INVT-073_0.jpg','2024-10-29 15:30:49','2024-10-29 15:30:49',1),(10,'Cama Rectangular con Diseños','Están hechas con un colchón suave y cómodo recubierto por telas seleccionadas que mantienen la temperatura ideal para dormir. Tiene cierre para poder extraer el relleno y poder lavarlo.',135.00,0,150,'Accesorios','perro','Casas Camas y Frazadas','https://www.kuubpets.mx/cdn/shop/files/TX10103.png?v=1697580734&width=713','2024-10-29 15:31:33','2024-10-29 15:31:33',1),(11,'Correa de Seguridad de Auto para Mascota','Esta correa se engancha al cinturón de seguridad del auto, por lo que tu mascota queda protegida ante frenados o movimientos bruscos, evitando también que mueva en el interior del vehículo.\r\nAdemás impide que el animal salte fuera cuando la puerta o la ventana estén abiertas, dado que el perro queda firmemente sujetado al asiento.\r\nTamaño ajustable y con cierre Safety Click. Cierre universal apropiado para todos los tipos de vehículo.',20.00,0,49,'Accesorios','perro','Collares Correas y Pecheras','https://i0.wp.com/almapets.com/wp-content/uploads/2020/02/correa-seguridad-perro-auto.jpg?fit=1100%2C825&ssl=1','2024-10-29 15:34:27','2024-10-29 15:34:27',1),(12,'Correa Retráctil Pet Dog 5mts','Correa retráctil con un poder de resistencia para perros hasta 15kg de peso.\r\nPosee un sistema con botón de bloqueo para extender la correa hasta el punto deseado\r\nDe material resistente a las caídas.\r\n5 metros de alcance.',46.00,0,90,'Accesorios','perro','Collares Correas y Pecheras','https://http2.mlstatic.com/D_NQ_NP_2X_772990-MLU73980596676_012024-F.webp','2024-10-29 15:35:04','2024-10-29 15:35:04',1),(13,'Dispensador Croquetero Botellón','Se trata de un alimentador automático de mascotas / bebedero para mascotas práctico para sus perros / gatos, especialmente perfecto para usar cuando vas a salir para viajar o trabajar. 3.8L de gran capacidad, que puede proporcionar suficiente comida / agua para mascotas durante varios días. Adecuado para perros y gatos de alimentación y pequeños, medianos incluso grandes perros de tamaño pueden usarlo! Con este alimentador del animal doméstico / bebedero para mascotas, que no hay necesidad de preocuparse por el hambre o la sed de su mascota más!\r\n\r\nCaracteristicas:\r\nHecho de material de buena calidad plástico, respetuoso del medio ambiente, no tóxico y sin olor, seguro de usar.\r\n3.8L de gran capacidad, que puede proporcionar suficiente comida / agua para mascotas durante varios días, y se puede comprobar el resto de los alimentos con claridad.\r\nFácil de usar, basta con poner comida / agua en el dispositivo, entonces puede alimentación automática',56.00,0,100,'Accesorios','perro','Platos y Dispensadores','https://petkorp.com/wp-content/uploads/2023/02/JP72_0.jpg','2024-10-29 15:36:14','2024-10-29 15:36:14',1),(14,'Plato Doble con Dispensador Agua','Cuenco alimentador 3 en 1 para perros y gatos, botella de agua automática, tazón de comida para mascotas, alimentador de acero inoxidable doble de 3 tazones',70.00,0,60,'Accesorios','perro','Platos y Dispensadores','https://petkorp.com/wp-content/uploads/2023/02/BA963_0.png','2024-10-29 15:37:05','2024-10-29 15:37:05',1),(15,'Botella Bebedero y Comedero Snack Duo','Botella portátil contenedor de agua y alimento 2 en 1. Ideal para llevar agua y alimento para la mascota en una sola botella\r\nEspecial para paseos o viajes. Incluye un plato plegable.\r\n\r\nMaterial plato: silicona\r\nMaterial botella: Plástico de calidad alimentaria.\r\nAntibacteriano, seguro y saludable.\r\nSellado hermético, previene derrame de agua.\r\nMedidas: Botella 24×6.7/ 8.7 cm.\r\nPlato: 11.2X5.5×6.3 CM\r\nCapacidad botella: 354 ml/ 300 gr\r\nCapacidad plato: 236 ml / 200 gr',69.00,0,30,'Accesorios','perro','Platos y Dispensadores','https://petkorp.com/wp-content/uploads/2023/02/SNACK_0.jpg','2024-10-29 15:37:40','2024-10-29 15:37:40',1),(16,'Capa Sport Rebelion','Esta capa está hecha de un material impermeable, resistente al agua y al viento, fácil de limpiar, Esta chaqueta para perro está diseñada con colores llamativos. Apto para diferentes tamaños de perros. Es una prenda de uso diario para perros para primavera e invierno, exterior o interior, días de lluvia o días de viento.',45.00,2,29,'Accesorios','perro','Ropa','https://petkorp.com/wp-content/uploads/2023/04/LR34T_2.jpg','2024-10-29 15:38:27','2024-10-29 15:38:27',1),(17,'Caja Transportadora Falcon Neon Nº3','Su material está desarrollado con resistente plástico reciclable, posee dispositivo para candados y en su lateral tiene apertura para una mejor ventilación. Cuenta con todas las especificaciones aprobadas el transporte de animales en automóviles, en vuelos nacionales e internacionales. Capacidad máxima: 9kg\r\nDimensiones: 53 x 38 x 36 cm',210.00,0,150,'Accesorios','perro','Transportadores y Jaulas','https://petkorp.com/wp-content/uploads/2023/02/INVT-077-1.jpg','2024-10-29 15:39:07','2024-10-29 15:39:07',1),(18,'Jaula de Metal con Bandeja para Perros Medianos','Cuenta con un práctico diseño de ahorro de espacio, lo que permite que se almacene prácticamente en cualquier lugar cuando no esté en uso. Hecho de acero sólido resistente, alambre de alta resistencia a la tracción y un acabado de electrocapa negra. No requiere herramientas: diseño versátil que permite una instalación extremadamente fácil. Además, es muy fácil de desmontar, plegar y almacenar.\r\nDimensiones: Aproximadamente 76X48X57 CM',410.00,3,50,'Accesorios','perro','Transportadores y Jaulas','https://petkorp.com/wp-content/uploads/2023/02/JP46L-1.jpg','2024-10-29 15:39:58','2024-10-29 15:39:58',1),(19,'Súper Hueso de Goma Furacao','El juguete perfecto para los perros a los que les gusta buscar, recoger y masticar.\r\nHecha de goma súper duradera. Perfecto para juegos de buscar y recoger o para sesiones de masticación.',82.00,0,28,'Juguetes','perro','Juguetes Goma y Cuerda','https://petkorp.com/wp-content/uploads/2023/02/INVT-005_0.jpg','2024-10-29 15:40:46','2024-10-29 15:40:46',1),(20,'Neumático Off Road Furacao','El neumático Black Rubber Off Road fue hecho para estimular las habilidades emocionales y físicas de su perro. El bienestar de la mascota es el foco: además de proporcionar momentos de ocio, los juguetes para mascotas también estimulan las funciones motoras de las mascotas.',65.00,0,30,'Juguetes','perro','Juguetes Goma y Cuerda','https://petkorp.com/wp-content/uploads/2023/02/INVT-007_0.webp','2024-10-29 15:41:29','2024-10-29 15:41:29',1),(21,'Lanzador de Croquetas Animal Planet','Diseño fácil de manipular, lanza un premio a la vez y tamaño idóneo para transportar.\r\nJuguete para divertirte con tu mejor amigo, en los parques, en el bosque y al aire libre.\r\nDimensiones del producto ‏ : ‎ 13.4 x 6.4 x 22 cm.\r\nPeso: 176 g\r\nPromete horas de diversión con tu mascota.',37.00,0,55,'Juguetes','perro','Pelotas y Otros','https://petkorp.com/wp-content/uploads/2023/02/PISTCROQ_0.jpeg','2024-10-29 15:42:13','2024-10-29 15:42:13',1),(22,'Pelota porta Croquetas con Sonido L','Son 100% resistentes y sus dientitos de goma ayudan a cuidar la salud bucal de lasmascotas mientras juegan. Es ideal para rellenarla con alimentos y estimular el ingenio de la mascotita brindándole máxima diversión y entretenimiento. Longitud 10 cm.',22.00,0,30,'Juguetes','perro','Pelotas y Otros','https://petkorp.com/wp-content/uploads/2023/02/MAXIP109-1.jpg','2024-10-29 15:42:50','2024-10-29 15:42:50',1),(23,'Peluche Cocodrilo','Felpa de alta calidad es Súper suave, resistente a las mordeduras y más cómoda.\r\nChirriador incorporado, para que pueda hacer el sonido cuando su mascota lo pica.\r\nLa forma es encantadora y realista con colores brillantes para atraer a las mascotas.\r\nEl producto está relleno de algodón tridimensional PP, que es suave y muy elástico.\r\nEl Juguete puede ayudar a la mascota a resolver su aburrimiento, liberar la presión y disfrutar de la vida.',40.00,0,15,'Juguetes','perro','Peluches','https://petkorp.com/wp-content/uploads/2023/02/JP871_0.jpg','2024-10-29 15:43:31','2024-10-29 15:43:31',1),(24,'Peluche Pato con Rechinido','Este pato es especial por su forma alargada y textura super suave.\r\nSe puede lanzar para que el perro lo atrape y así fomentar la actividad física.\r\nAyudará a calmar su ansiedad cuando se quede solo en casa.\r\nAl ser presionado el pato chillará lo que generará una atracción inmediata en tu compañero canino.',28.00,0,64,'Juguetes','perro','Peluches','https://petkorp.com/wp-content/uploads/2023/02/MAXIP19-1.jpg','2024-10-29 15:44:01','2024-10-29 15:44:01',1),(25,'Bolsa para Desechos','Bolsas plásticas para desechos de perros.\r\nMayor grosor y resistencia que evita la sensación de contacto.\r\nNotarás la diferencia de calidad versus las chinas en el primer uso.\r\nAyuda a mantener limpio el medio ambiente.\r\nBolsitas fáciles de abrir, sin aromas artificiales añadidos.',13.00,0,29,'Higiene','perro','Bolsas de Heces y Dispensadores','https://petkorp.com/wp-content/uploads/2023/02/BOL_0.jpg','2024-10-29 15:44:44','2024-10-29 15:44:44',1),(26,'Dispensador de Bolsas para Desechos','Este dispensador portátil puede contener un rollo de bolsa de basura.\r\nCon un gancho, fácil de llevar.\r\nColor negro, más práctico.\r\nEs conveniente limpiar los residuos de mascotas cuando camina por fuera.\r\nOferta para uso diario, especialmente para uso en viajes o trajes de baño húmedos.',17.00,0,30,'Higiene','perro','Bolsas de Heces y Dispensadores','https://petkorp.com/wp-content/uploads/2023/02/DIS_0.jpg','2024-10-29 15:45:16','2024-10-29 15:45:16',1),(27,'Cepillo Dental Eléctrico','Tipo electrónico, ahorra a los propietarios más tiempo y esfuerzos.\r\nCon 2 cabezales de cepillo para reemplazo, se recomienda reemplazar el cabezal del cepillo cada tres meses.\r\nLas cerdas suaves ayudan al sarro sin dañar las encías de tu mascota.\r\nCepillo de dientes electrónico perfecto para prevenir enfermedades de las encías y minimizar la pérdida de dientes para tu mascota.\r\nIdeal para los dientes de tus mascotas, ayuda a reducir la acumulación de placa y sarro, elimina el mal aliento de las mascotas.',30.00,0,15,'Higiene','perro','Cuidado Dental','https://petkorp.com/wp-content/uploads/2023/02/LS01338_0.jpg','2024-10-29 15:46:15','2024-10-29 15:46:15',1),(28,'Pasta Dental en Gel Sabor Menta/Fresa','El Gel Dental Pet Clean es una pasta de dientes para mascotas.\r\n\r\nPodes cepillar los dientes de tu perro o gato de manera segura con esta pasta dental diseñada específicamente para mascotas.\r\n\r\nDebes aplicar la pasta sobre un cepillo de dientes y cepillar a tu mascota con movimientos circulares.\r\n\r\nCada tubo de gel contiene 60 g de frescura.\r\n\r\nEste gel es de uso periódico y no diario.\r\n\r\nEl Gel Dental Pet Clean ayuda a prevenir la gingivitis, el sarro y el mal aliento.',40.00,0,29,'Higiene','perro','Cuidado Dental','https://petkorp.com/wp-content/uploads/2023/02/ANDRMS049_0.png','2024-10-29 15:46:49','2024-10-29 15:46:49',1),(29,'Set Limpia Pelos de Mascotas','REMUEVE EL PELO O PELUSA: Este removedor de pelo es ideal para limpiar tus muebles, ropa o asientos del carro de pelos de mascotas o de pelusa.\r\nFÁCIL DE USAR: Solo tienes que pasar el removedor de pelo sobre el área desea y después lo metes en su contenedor aplicando una ligera fuerza para quitar el pelo y pelusa.\r\nCALIDAD Y DISENO: Un diseño muy práctico y de fácil uso para remover pelusa o pelos de la mayoría de los tipos de tela. Fácil de limpiar y de guardar.\r\nINCLUYE UN REMOVEDOR GRANDE Y UNO MINI: Puedes usar tu removedor grande para el hogar o auto sin ningún problema y el mini para prendas de ropa, es ideal para llevar en el bolsillo o para viajes.\r\nEL REMOVEDOR DE PELO OFRECE GARANTÍA INCONDICIONAL Y DE POR VIDA: Nuestro compromiso es entregar productos de calidad y ofrecer una satisfacción total por parte del cliente. Si no te encuentras 100% satisfecho con tu producto solo envíanos un mensaje y reemplazaremos tu producto o reembolsaremos totalmente tu compra.',50.00,2,30,'Accesorios','perro','Limpieza de Hogar','https://petkorp.com/wp-content/uploads/2023/02/JP682_0.jpg','2024-10-29 15:49:28','2024-10-29 15:49:28',1),(30,'Aromatizante Lavanda 500ml','Odor Stop se basa en Phytoncide, un extracto natural de plantas renovables, que es más ecológico que los desodorantes regulares. Odor Stop elimina rápidamente olores y bacterias (30 segundos) y deja un olor agradable y duradero en la mano. Odor Stopper se puede utilizar en el hogar, vehículos, habitaciones, áreas de lavado o cualquier área con olores ambientales desagradables.\r\nAntibacteriano A\r\nbase de fitoncidas\r\nRápidos resultados\r\nFácil de usar\r\nInsecticida',54.00,0,29,'Accesorios','perro','Limpieza de Hogar','https://petkorp.com/wp-content/uploads/2023/02/UAG113_0.png','2024-10-29 15:50:17','2024-10-29 15:50:17',1),(31,'Guante de Aseo para Mascotas','Este guante es perfecto para quitar el pelo suelto y masajear suavemente a la vez. Los residuos se acumulan en la palma que tiene cerdas metálicas con puntas redondas y son fáciles de remover y limpiar.\r\n\r\nFunciones:\r\nBañar a tu mascota súper fácil. Llega a lugares difíciles al ser un guante.\r\nDarle un masaje relajante, y al mismo tiempo:\r\nQuitarle el pelo excedente (funciona mejor cuando tienen el pelo largo).\r\nFunciona con perros y gatos.\r\nCaracterísticas:\r\nPuntas con base de caucho termoplástico.\r\nCerdad de acero inoxidable.\r\nVelcro ajustable.\r\nTela de malla sintética transpirable.\r\nMano derecha.\r\nMarca Nobleza.\r\nMuy sencillo de usar solo pasa el guante sobre el perro o gato y extrae fácilmente ese pelo suelto de tu perro y desecharlo fácilmente.',34.00,0,85,'Higiene','perro','Peines Cepillos y Cortadoras','https://petkorp.com/wp-content/uploads/2023/02/MAN_0.webp','2024-10-29 15:51:08','2024-10-29 15:51:08',1),(32,'Peine Eléctrico para Pulgas','Su secreto está en liberar una pequeña carga eléctrica en el pelaje de tu mascota eliminando pulgas y garrapatas muertas.\r\nEl diseño del peine de cepillo eléctrico la da confianza a tu mascota solo peinándote sin utilizar productos químicos, insecticidas o toxinas.\r\nGracias a su carga eléctrica baja no provocará daños en el pelaje de tu mascota, ideal para todas las edades y tamaños de perros y gatos.',60.00,0,30,'Higiene','perro','Peines Cepillos y Cortadoras','https://petkorp.com/wp-content/uploads/2023/02/JP411_1.jpg','2024-10-29 15:51:43','2024-10-29 15:51:43',1),(33,'Limpiador de Patas para Perros – Pequeño','Sólo hay que añadir agua al vaso, insertar la pata sucia y rotar suavemente. Luego, solo debes secar la pata de tu perrito y botar el agua sucia.\r\nMantener las patas de tu perro limpias es esencial para que se sienta cómodo para caminar y evitar lesiones e infecciones.\r\nVaso de material resistente con cepillo de silicona, suaves cerdas para dar un masaje relajante a las patas de su mascota mientras las limpia.',52.00,0,29,'Higiene','perro','Shampoo y Aseo','https://petkorp.com/wp-content/uploads/2023/02/CW444_0.jpg','2024-10-29 15:52:25','2024-10-29 15:52:25',1),(34,'Shampoo Kukito para Cachorros Cero Lágrimas 1lt','Shampoo KUKITO ideal para perro y gatos, cachorro 0 lágrimas, de 1 litro, para todo tipo de raza.',25.00,0,30,'Higiene','perro','Shampoo y Aseo','https://petkorp.com/wp-content/uploads/2023/02/KKTS03_0.jpg','2024-10-29 15:53:01','2024-10-29 15:53:01',1),(35,'EXCELLENT Gato Adulto Pollo y Arroz 1kg','La utilización de fuentes de proteínas de elevada digestibilidad garantiza el aporte de aminoácidos esenciales que ayudan a mantener músculos fuertes y sanos. Así, cualquiera sea el nivel de actividad física de tu gato, puedes estar seguro de que sus necesidades proteicas estarán satisfechas.',53.00,1,36,'Alimento','gato','Alimento Seco','https://petkorp.com/wp-content/uploads/2023/01/PURN052_0.jpg','2024-10-29 16:01:28','2024-10-29 16:01:28',1),(36,'MATISSE Gatos Adultos Carne y Arroz 2kg','Matisse Carne y Arroz es un producto muy apetecible y palatable: no te vas a tener que preocupar de que tu gato deje sobras o demore demasiado en consumir su ración diaria de alimento.\r\n\r\nFarmina incorpora un sistema único de inserción de aceites y elementos palatabilizables para asegurar que su aceptación sea inmediata.',91.00,0,187,'Alimento','gato','Alimento Seco','https://petkorp.com/wp-content/uploads/2023/01/5e2c3ff85154c73346ea97d5.png','2024-10-29 16:02:44','2024-10-29 16:02:44',1),(37,'MATISSE Gatos Castrados Cordero 2kg','Matisse Castrados Cordero es un alimento balanceado especialmente pensado para las necesidades de los gatos castrados, que tienen cambios en su metabolismo y, por lo tanto, en la manera en la que absorben nutrientes en su dieta.\r\n\r\nEste alimento está formulado para ayudar a controlar el peso del gato castrado al mismo tiempo que logra mantener la masa muscular por su alto contenido en proteína y suplemento de carnitina, aminoácido que se encarga de transportar los ácidos grasos hacia las mitocondrias en la célula.',104.00,0,295,'Alimento','gato','Alimento Seco Especial','https://petkorp.com/wp-content/uploads/2023/01/5e2c3ff85154c73346ea97d3.png','2024-10-29 16:04:25','2024-10-29 16:04:25',1),(38,'MONELLO Gato Castrado 1kg','Este alimento prescinde de colorantes y aromatizantes artificiales, elementos que pueden ser nocivos para la nutrición de tu gato castrado.\r\n\r\nMediante la adición de carnitina Monello Gatos Castrados ayuda a incrementar el gasto calórico de tu gato, incluso cuando no pueda hacer mucho ejercicio.\r\n\r\nEste alimento adiciona taurina en su fórmula, aminoácido vital para mantener la salud ocular, cardíaca e inmune de tu gato castrado.',35.00,0,468,'Alimento','gato','Alimento Seco Especial','https://petkorp.com/wp-content/uploads/2023/01/MONL005_0.jpg','2024-10-29 16:05:09','2024-10-29 16:05:09',1),(39,'Comida Húmeda Félix','Un alimento exquisito para darle una vida sana a tu perro y vivir momentos especiales.\r\nIdeal para el crecimiento de tu perro.\r\nPuede usarlo para todas las razas de perro.\r\nContiene calcio para dientes fuertes.\r\nSin adición de conservantes artificiales',7.00,0,500,'Alimento','gato','Alimento Humedo','https://petkorp.com/wp-content/uploads/2023/02/PURN034-0.jpg','2024-10-29 16:05:53','2024-10-29 16:05:53',1),(40,'Comida Húmeda Whiskas','Características:\r\n– Alimento húmedo para gatos adultos y cachorros.\r\n– Deliciosos y suculentos trocitos tiernos y nutritivos.\r\n– Contienen zinc y aceite de girasol; una fuente natural de ácidos grasos Omega 6 para que tu gato presuma de una piel y un pelaje sanos.\r\n– Niveles equilibrados de minerales que refuerzan la salud del tracto urinario.\r\n– Completo y equilibrado para que tu gato crezca sano y feliz.',7.00,0,380,'Alimento','gato','Alimento Humedo','https://petkorp.com/wp-content/uploads/2023/02/MIN010-1.png','2024-10-29 16:06:40','2024-10-29 16:06:40',1),(41,'Kukipets Paquete Ispis','Snacks deshidratados con fuente de colageno y glucosamina, aporta proteina de calidad y alto nivel de digestibilidad, limpian y fortalecen los dientes y mandibula de nuestras mascotas.',29.00,2,496,'Alimento','gato','Snacks y Premios','https://petkorp.com/wp-content/uploads/2023/02/KUKI10_0-1-scaled.jpg','2024-11-06 22:43:48','2024-10-29 16:07:36',1),(42,'BARKER Bites Hígado de Res 100gr','Barker Bites Hígado de Res es una opción irresistible de snacks naturales para perros y gatos, con un solo ingrediente: 100% Hígado de Res. Estos premios deshidratados no solo son deliciosos, sino también ideales para el entrenamiento y para consentir a tu mascota. La deshidratación mantiene la pureza y calidad del hígado de res, ofreciendo un premio natural y saludable, sin aditivos innecesarios. Con Barker Bites Hígado de Res, puedes brindar a tu compañero peludo una recompensa que satisfará sus instintos y le proporcionará un sabor auténtico. ¡Eleva la experiencia de premios con esta opción sabrosa y nutritiva!',39.00,0,800,'Alimento','gato','Snacks y Premios','https://petkorp.com/wp-content/uploads/2024/05/BARK02_0.png','2024-10-29 16:08:13','2024-10-29 16:08:13',1),(43,'Tipi Carpa para gato','Lleva a tu amigo peludo aquí, se sentirá seguro y cómodo. Se puede desmontar fácilmente para limpiar o lavar a máquina.\r\n\r\nFácil de montar y ligero: se puede montar en unos minutos sin herramientas. Es fácil de llevar y almacenar.\r\n\r\nIdeal para parques, campamentos, viajes, casas y otros lugares.',215.00,0,45,'Accesorios','gato','Casas Camas y Frazadas','https://petkorp.com/wp-content/uploads/2023/04/TIPI01_0.png','2024-10-29 16:17:23','2024-10-29 16:17:23',1),(44,'Cama Cueva para Mascotas','Diseño unico en forma de cueva que ofrece a tu gato un lugar privado y tranquilo para dormir y relajarse.\r\nFabricada con materiales suaves y cálidos para garantizar la comodidad de tu mascota en todo momento.\r\nCon su diseño moderno y funcional, esta cama cueva se convertirá en el lugar favorito de descanso de tu mascota.',159.00,2,39,'Accesorios','gato','Casas Camas y Frazadas','https://petkorp.com/wp-content/uploads/2024/04/PELUZ28_0.png','2024-10-29 16:17:58','2024-10-29 16:17:58',1),(45,'Arco Masajeador para Gato','Masajeador cómodo para gatos con arco, cepillo para cuidado de mascotas con picazón para gatos, Base redonda de forro polar, dispositivo para rascar el pelo',82.00,0,58,'Accesorios','gato','Torres y Rascadores','https://petkorp.com/wp-content/uploads/2023/02/MAXIP58_1.jpg','2024-10-29 16:22:22','2024-10-29 16:22:22',1),(46,'Rascador Pequeño para Gato de 1 Nivel','Rascador pequeño hecho de material de primera calidad que es fuerte, duradero y seguro para gato, el poste rascador se puede desmontar con un sistema de tornillos, garantizado para ser fuerte y no temblar.',110.00,0,59,'Accesorios','gato','Torres y Rascadores','https://petkorp.com/wp-content/uploads/2023/02/PET1607_0.png','2024-10-29 16:23:04','2024-10-29 16:23:04',1),(47,'Comedero y Bebeder Durapets Duplo','Pop Star Anti-Hormiga Bebedero MMA Mascota Para Perros Gatos Ajustable\r\nBebedero con regulación de altura y posición, capacidad 1 litro de agua. (puede girarlo en la varilla hacia cualquier lado)\r\nExclusivo sistema con tubo para dejar el agua fría, viene con 2 tubos. (Simplemente llene el tubo con agua, colóquelo en el congelador y luego en la fuente de agua)\r\nAlimentador en la base.\r\nBase con goma doble antideslizante.\r\nContiene 3 bolas en la punta.\r\nEl dispensador de agua se abre en la parte superior para reemplazar el agua.\r\nboquilla de aluminio.',123.00,0,100,'Accesorios','gato','Platos y Dispensadores','https://petkorp.com/wp-content/uploads/2023/02/INVT-048_0.jpg','2024-10-29 16:23:55','2024-10-29 16:23:55',1),(48,'Dispensador de Agua Redondo 2.8lt','El dispensador de agua en forma de burbuja para mascotas es un accesorio práctico y divertido para mantener a tus mascotas hidratadas en todo momento. Este dispositivo cuenta con un diseño innovador en forma de burbuja, que hace que sea fácil y divertido para las mascotas beber agua. Además, su sistema de dispensación automática mantiene el agua fresca y limpia, garantizando un suministro constante de agua potable para tu mascota. Este producto es ideal para perros y gatos y es fácil de limpiar y mantener. ¡Mantén a tu mascota hidratada y feliz con el dispensador de agua en forma de burbuja!\r\n\r\nMateriales resistentes. Facil de limpiar.\r\nDoble compartimiento.',135.00,0,15,'Accesorios','gato','Platos y Dispensadores','https://petkorp.com/wp-content/uploads/2023/02/MAXIP116_0.webp','2024-10-29 16:24:48','2024-10-29 16:24:48',1),(49,'Bolso de Viaje Portátil con Burbuja','Tiene una capsula transparente para que tu mascota pueda tener visión del exterior mientras pasean, pero se puede sustituir la capsula por una rejilla de plástico para optimizar el flujo de aire.\r\nPosee una correa para transportarla en el hombro, manilla para llevarla en la mano, una cápsula lateral, para mayor flujo de aire viene con malla delantera y trasera y 6 agujeros muy amplios a los lados de la capsula.\r\nEl piso incluye 2 toperoles largos para evitar contacto directo con el piso. Este hecho con tela Oxford y malla de Nylon, esto hace que sea resistente y muy liviano al mismo tiempo, su mascota estará fresca y segura. Tamaño: Pequeño 44*26*26cm',200.00,3,20,'Accesorios','gato','Transportadores y Jaulas','https://petkorp.com/wp-content/uploads/2023/02/MAXIP12-1.jpg','2024-10-29 16:25:31','2024-10-29 16:25:31',1),(50,'Mochila Transparente para Gato con Burbuja','Características del producto:\r\n1 Diseño transparente: Cuenta con una ventana transparente que hace que los gatos puedan ver todo estando en la mochila\r\n2. Cuenta con 9 grandes orificios de ventilación en ambos lados y redes de ventilación delantera, izquierda y derecha que garantizan que corra aire fresco. La mascota no se sentirá congestionada en la bolsa.\r\n3. Duradero y espacioso: Hecho de tela Oxford, poliéster, tela antiarañazos. 4. Este producto puede acomodar gatitos de menos de 15 kg o cachorros de menos de 10 kg, con un gran espacio de 32 x 42 x 29 cm.\r\n5. Cuidado fácil: Algunas mascotas se sienten incómodas en este entorno la primera vez, y es genial poner la mano a través de un lado de la abertura para calmarlas.',195.00,0,191,'Accesorios','gato','Transportadores y Jaulas','https://petkorp.com/wp-content/uploads/2023/02/MAXIP27-1.jpg','2024-10-29 16:26:10','2024-10-29 16:26:10',1),(51,'Correa de Seguridad de Auto con Diseños','Esta correa se engancha al cinturón de seguridad del auto, por lo que tu mascota queda protegida ante frenados o movimientos bruscos, evitando también que mueva en el interior del vehículo.\r\nCon un largo de 60 cm y un ancho de 5 cm, esta correa es ideal para perros de todos los tamaños, proporcionando suficiente espacio para moverse sin sacrificar la seguridad.\r\nAdemás impide que el animal salte fuera cuando la puerta o la ventana estén abiertas, dado que el perro queda firmemente sujetado al asiento.\r\nTamaño ajustable y con cierre Safety Click. Cierre universal apropiado para todos los tipos de vehículo.',25.00,0,30,'Accesorios','gato','Collares Correas y Pecheras','https://petkorp.com/wp-content/uploads/2024/09/MD017_0.png','2024-10-29 16:27:38','2024-10-29 16:27:38',1),(52,'Bolsa de Hierba Gatera','Esta hierba estimula al gato y lo vuelve hiperactivo. Una vez expuesto, el efecto dura aproximadamente 10 minutos. -Se puede utilizar el catnip en determinados juguetes para estimular al gato, ayudarle a moverse y motivarle a hacer ejercicio para evitar el sobrepeso. -También se puede utilizar sobre el rascador y atraer al animal hacia él para así evitar que rasque otros sitios indeseados de la casa.',10.00,0,29,'Juguetes','gato','Catnip Hierba Gatera','https://petkorp.com/wp-content/uploads/2023/02/KP236-1.webp','2024-10-29 16:28:32','2024-10-29 16:28:32',1),(53,'Kit de hierba Gatera (3 unidades)','Mezcla de 4 sabores: 1 bola de azúcar para gatos y 3 bolas de golosinas para gatos, que son una mezcla de hierba gatera, vid plateada y fruta de la gal, podría ser bueno para mejorar la vitalidad y el apetito de los gatos, aliviando el aburrimiento y la depresión de manera eficaz.',44.00,0,20,'Juguetes','gato','Catnip Hierba Gatera','https://petkorp.com/wp-content/uploads/2023/05/BA1303_0.jpg','2024-10-29 16:29:05','2024-10-29 16:29:05',1),(54,'Puntero Laser Forma de para Gatos','Puntero lase electrico de alta calidad.\r\nEstilo de Pata de Gato con almohadillas de pata rosa.\r\nUn regalo perfecto para tu mascota.\r\nAyuda a mantener a tu mascota activa y saludable.',30.00,0,25,'Juguetes','gato','Juguetes Gato','https://petkorp.com/wp-content/uploads/2023/02/JP368_1.jpg','2024-10-29 16:29:58','2024-10-29 16:29:58',1),(55,'KONG Stellar Teaser','Despierta los instintos naturales de persecución y abalanzarse del gato con el movimiento impredecible de la cinta, ideal para un juego interactivo. La estrella chirriante y la hipnótica cinta arcoíris son la combinación perfecta para el entretenimiento del gato que estimula un ejercicio más prolongado .',77.00,0,20,'Juguetes','gato','Juguetes Gato','https://petkorp.com/wp-content/uploads/2023/02/CAT53-1-1.jpg','2024-10-29 16:30:40','2024-10-29 16:30:40',1),(56,'Alta Gama Lavanda 2kg','Entre sus ventajas podemos contar:\r\n\r\nNo se adhiere al cuerpo de tu gato\r\nNo es tóxica\r\nNo contiene polvo\r\nSus piedras retienen los líquidos de manera excelente\r\nProbá las piedras sanitarias Alta Gama Lavanda que con su ligereza y exquisito aroma a lavanda no solo convencerán a tu mascota sino que hará lo propio con vos',30.00,0,25,'Higiene','gato','Arenas Sanitarias','https://petkorp.com/wp-content/uploads/2023/01/INVT-015_0.png','2024-10-29 16:32:11','2024-10-29 16:32:11',1),(57,'Alta Gama Sin Perfume 2kg','Las piedritas son porosas y livianas (50% de su volúmen es hueco), y tu mascota puede esconder sus excrementos sin desparramar y sin que se adhiera a sus patas. No hace barro: Mantiene su apariencia sólida y granulada cuando esta saturado de liquido (cambia de color en este estado), sin deshacerse. Gracias a que es 100% natural no produce reacciones cutáneas y tanto su inhalación como su ingestión no son perjudiciales para la salud de las personas ni de animales.Con su nueva fórmula logra una máxima capacidad de absorción y desodorización acompañada de una mayor durabilidad. Además La composición micro porosa interna de los minerales retienen los gérmenes y bacterias.',28.00,0,18,'Higiene','gato','Arenas Sanitarias','https://petkorp.com/wp-content/uploads/2023/01/INVT-017_0.jpg','2024-10-29 16:32:44','2024-10-29 16:32:44',1),(58,'Pala para Arena de Gato','Recogedor de residuos en arena de gatos con contenedor que cuelga de un lado de la caja, así esconde los residuos pero los mantiene cerca\r\nFunciona con cualquier arena en la que se pueda introducir un recogedor, entre las que se incluyen arcilla aglomerante, arena de cristales y todas las arenas naturales de trigo o maíz\r\nFabricado en resistente plástico de polipropileno que proporciona un rendimiento robusto; elegante color gris\r\nBorde suave para raspar y recoger los residuos endurecidos; las rejillas atrapan los residuos y permiten que la arena limpia vuelva a caer en la caja',13.00,0,8,'Higiene','gato','Areneros y Palas','https://petkorp.com/wp-content/uploads/2023/02/BA612_0.jpg','2024-10-29 16:33:31','2024-10-29 16:33:31',1),(59,'Arenero Cerrado Duracat','Sanitario cerrado para gato Duracat, excelente calidad\r\nIncluye: Pala sanitaria y filtro anti olores\r\nMango superior para transporte\r\nColores: Naranja/ Negro/ Rosado\r\nTamaño:\r\nProfundidad: 58 cm\r\nAlto: 40 cm x Ancho: 40 cm',195.00,0,5,'Higiene','gato','Areneros y Palas','https://petkorp.com/wp-content/uploads/2023/02/INVT-068_0.jpg','2024-10-29 16:34:09','2024-10-29 16:34:09',1),(60,'Set Limpia Pelos de Mascotas','REMUEVE EL PELO O PELUSA: Este removedor de pelo es ideal para limpiar tus muebles, ropa o asientos del carro de pelos de mascotas o de pelusa.\r\nFÁCIL DE USAR: Solo tienes que pasar el removedor de pelo sobre el área desea y después lo metes en su contenedor aplicando una ligera fuerza para quitar el pelo y pelusa.\r\nCALIDAD Y DISENO: Un diseño muy práctico y de fácil uso para remover pelusa o pelos de la mayoría de los tipos de tela. Fácil de limpiar y de guardar.\r\nINCLUYE UN REMOVEDOR GRANDE Y UNO MINI: Puedes usar tu removedor grande para el hogar o auto sin ningún problema y el mini para prendas de ropa, es ideal para llevar en el bolsillo o para viajes.\r\nEL REMOVEDOR DE PELO OFRECE GARANTÍA INCONDICIONAL Y DE POR VIDA: Nuestro compromiso es entregar productos de calidad y ofrecer una satisfacción total por parte del cliente. Si no te encuentras 100% satisfecho con tu producto solo envíanos un mensaje y reemplazaremos tu producto o reembolsaremos totalmente tu compra.',50.00,0,23,'Higiene','gato','Limpieza de Hogar','https://petkorp.com/wp-content/uploads/2023/02/JP682_0.jpg','2024-10-29 16:34:59','2024-10-29 16:34:59',1),(61,'Aromatizante para Areneros Aroma Floral','Elimina, no oculta, el mal olor\r\n\r\nCaptura, absorbe y neutraliza los malos olores. El perfume huele suave y agradable (dependiendo de la cantidad de perfume que uses).\r\n\r\nMata las bacterias\r\n\r\nEl desodorante mata las bacterias y la fuente de los malos olores.\r\n\r\nnatural y seguro\r\n\r\nEs un producto certificado que es seguro de usar incluso en animales pequeños.\r\n\r\nFácil de usar\r\n\r\nAbre el paquete.\r\nAgregue gránulos (aproximadamente 2/3 de la tapa) a la tapa del paquete.\r\nAgregue los gránulos a la caja de arena del gato.\r\nLa fragancia tiene una duración de 30-40 días.\r\nTambién puede dosificar los gránulos a su propia discreción, según la intensidad del olor que desee.\r\nSe recomienda cambiar los pellets cada vez que se cambie la arena.',71.00,0,20,'Higiene','gato','Limpieza de Hogar','https://petkorp.com/wp-content/uploads/2023/02/UAG110_0.png','2024-10-29 16:35:41','2024-10-29 16:35:41',1),(62,'Botas Plásticas de Baño para Gato','Los zapatos antiarañazos para pies de gato son seguros, hipoalergénicos, suaves, agradables para la piel y fáciles de aceptar para los gatos.\r\nZapatos de pie ajustables: el tamaño de los zapatos se puede ajustar. Puede ajustar las botas para que las cubiertas de los pies sean perfectas para su gato.\r\nAmpliamente utilizado: utilizado para el baño de gatos, corte de uñas, tratamiento, inyección, prescripción, protección antes de la administración. Adecuado para hospitales de mascotas, tiendas de mascotas, casas para gatos, baños domésticos.',49.00,0,15,'Higiene','gato','Shampoo y Aseo','https://petkorp.com/wp-content/uploads/2023/02/JP379_0.jpg','2024-10-29 16:36:29','2024-10-29 16:36:29',1),(63,'Shampoo para Gato Pelo Largo M-Pets 250ml','Este shampoo facilita el peinado y evita los\r\nenredos.\r\nComposición: Tensioactivos aniónicos,\r\nTensioactivos no iónicos, Conservantes,\r\nFragancia y Colorantes',35.00,0,20,'Higiene','gato','Shampoo y Aseo','https://petkorp.com/wp-content/uploads/2023/02/UAG151_0.png','2024-10-29 16:37:07','2024-10-29 16:37:07',1),(64,'Guante con Goma para Masaje y Baño','Con este Guante de aseo True Touch para Mascotas libera el estrés y al mismo tiempo podrás acariciar a tu mascota y extraer los pelos que va desprendiendo. Ideal para: bañar y remover el pelo muerto de las mascotas, también para el pelo en telas y muebles.\r\nCon cinco dedos separados, se ve y se siente como un guante normal, pero la superficie de silicona con sus nódulos recubiertos de goma, recoge el cabello mientras lo acaricia y finalmente te deja con una palma llena de pelo suelto directamente para quitar y tirar a la basura.',32.00,0,30,'Higiene','gato','Peines Cepillos y Cortadoras','https://petkorp.com/wp-content/uploads/2023/02/JP474_1.jpg','2024-10-29 16:38:04','2024-10-29 16:38:04',1),(65,'Cepillo Expulsador de Pelo Color Pastel','Espectacular cepillo robusto para pelo con una tecnología moderna y leves orejitas de mascotas.\r\nSu sistema incluye un botón extractor de fácil limpieza lo que hace que el trabajo de cepillado para tu mascota sea cómodo y muy práctico.\r\nEs un producto, probado y garantizado.',32.00,0,30,'Higiene','gato','Peines Cepillos y Cortadoras','https://petkorp.com/wp-content/uploads/2023/07/BA1105_0.jpg','2024-10-29 16:38:55','2024-10-29 16:38:55',1),(66,'Comida Húmeda Dog Chow','Descripción\r\nUn alimento exquisito para darle una vida sana a tu perro y vivir momentos especiales.\r\nIdeal para el crecimiento de tu perro.\r\nPuede usarlo para todas las razas de perro.\r\nContiene calcio para dientes fuertes.\r\nSin adición de conservantes artificiales',7.00,0,900,'Alimento','perro','Alimento Humedo','https://petkorp.com/wp-content/uploads/2023/02/PURN032-1.jpeg','2024-08-06 17:24:59','2024-08-06 17:24:59',1),(67,'PRO PLAN Perro Adulto Pollo 100gr','Descripción\r\nUna mezcla única de ingredientes que refuerzan los 3 sistemas naturales de protección ayudando a los perros.\r\nSuper Premium 100% Completo y Balanceado.\r\nContiene proteína de pollo de alta calidad para una mejor digestión.\r\nDigestión saludable – con prebiótico.\r\nPiel saludable y pelaje brillante.',16.00,0,290,'Alimento','perro','Alimento Humedo','https://petkorp.com/wp-content/uploads/2023/07/PURN064_0.jpg','2024-09-04 19:00:28','2024-09-04 19:00:28',1),(68,'Comida Húmeda Pedigree','Descripción\r\nEs un producto con pequeños bocaditos en una deliciosa salsa. Se elabora con carne fresca bajo un proceso de cocción lento al vapor, viene en una deliciosa salsa y se empaca de una forma rápida para conservar su frescura y aroma. Le brinda a tu perro una sabrosa comida completa y balanceada, ofreciéndole variedad, textura y frescura día a día.',7.00,0,380,'Alimento','perro','Alimento Humedo','https://petkorp.com/wp-content/uploads/2023/02/MIN009-1.jpg','2024-09-04 19:02:27','2024-09-04 19:02:27',1),(69,'Comida Húmeda para Perro Primocao','Descripción\r\nPrimocao Pate es un alimento húmedo especialmente formulado por Primocao para perros cachorros y adultos de cualquier tamaño de raza.\r\nEsta marca trae una línea de alimentos húmedos con el propósito de brindar una alimentación con una mejor concentración de nutrientes que mantengan la salud de tu mascota y prolonguen su longevidad.',18.00,0,210,'Alimento','perro','Alimento Humedo','https://petkorp.com/wp-content/uploads/2023/02/PROC17-1.webp','2024-09-04 19:04:34','2024-09-04 19:04:34',1),(70,'REY DOG Adulto Paté Cordero 330gr','Descripción\r\nRey-Dog Paté sabor cordero es un alimento completo y balanceado.\r\nCaracterísticas:\r\n• Hidratación óptima.\r\n• No contiene conservantes.\r\n• Agradable textura.\r\n• Sin glúten.',17.00,0,180,'Alimento','perro','Alimento Humedo','https://petkorp.com/wp-content/uploads/2024/10/LABET04_00.png','2024-09-04 19:05:37','2024-09-04 19:05:37',1),(71,'ROYAL CANIN Mini Puppy Pouch 85gr','Descripción\r\nROYAL CANIN® Mini Puppy in Gravy está especialmente formulado teniendo en cuenta todas las necesidades nutricionales de su cachorro mini. Contiene complejo exclusivo de antioxidantes, incluida la vitamina E, para apoyar su sistema sistema inmunológico juvenil mientras aún está madurando. También contiene muchos nutrientes beneficiosos que ayudan a mantener la salud digestiva general de su cachorro. Además, el intenso contenido energético de ROYAL CANIN® Mini Puppy in Gravy satisfará las altas necesidades energéticas de su cachorro.\r\n\r\nBeneficios:\r\n• Apoyo al sistema inmunológico. – Ayuda a reforzar las defensas naturales de tu cachorro gracias especialmente a un complejo de antioxidantes que incluye vitamina E.\r\n• Salud digestiva. – Ayuda a mantener la salud digestiva y el equilibrio de la flora intestinal.\r\n• Contenido energético intenso, – Satisface las necesidades energéticas de los cachorros de razas pequeñas.',33.00,0,10,'Alimento','perro','Alimento Humedo','https://petkorp.com/wp-content/uploads/2024/10/ROY-66_00.png','2024-09-04 19:07:05','2024-09-04 19:07:05',1),(72,'ROYAL CANIN Mini Adult Pouch 85gr','Descripción\r\nROYAL CANIN® Mini Adult in Gravy está especialmente formulado teniendo en cuenta todas las necesidades nutricionales de su perro adulto de tamaño mini. Es adecuado para todos los perros de entre los 10 meses y 12 años que pesen hasta 10kg. La formulación de nutrientes específicos ayuda a mantener un buen equilibrio de la flora intestinal. El contenido energético cuidadosamente adaptado ayuda a mantener un peso ideal en perros de razas pequeñas. ROYAL CANIN® Mini Adult in Gravy también está enriquecido con nutrientes que ayudan a mantener una piel y un pelaje saludables de su perro adulto, como los ácidos grasos omega 3 EPA y DHA.',29.00,0,10,'Alimento','perro','Alimento Humedo','https://petkorp.com/wp-content/uploads/2024/10/ROY-68_00.png','2024-09-04 19:08:04','2024-09-04 19:08:04',1),(73,'ROYAL CANIN Lata Recovery','Descripción\r\nBeneficios del producto: Alta energía\r\nAlta densidad energética para proveer los requerimientos energéticos diarios en un volumen de ración reducido.\r\nAlimentación por sonda\r\nUna textura específica que facilita su uso para alimentación mediante jeringa y sondas de nutrición enteral.\r\nAlta proteína\r\nAlto nivel de proteína que ayuda a mantener la masa muscular durante la hospitalilzación y convalecencia.',63.00,0,13,'Alimento','perro','Alimento Humedo','https://petkorp.com/wp-content/uploads/2023/02/CBARK01-1.png','2024-11-03 01:11:31','2024-11-03 01:11:31',1),(74,'REY DOG Adulto Paté Carne 330gr','Descripción\r\nRey-Dog Paté sabor carne es un alimento completo y balanceado.\r\nCaracterísticas:\r\n• Hidratación óptima.\r\n• No contiene conservantes.\r\n• Agradable textura.\r\n• Sin glúten.',18.00,0,17,'Alimento','perro','Alimento Humedo','https://petkorp.com/wp-content/uploads/2024/10/LABET03_00.png','2024-11-03 01:13:24','2024-11-03 01:13:24',1),(75,'ROYAL CANIN Gastrointestinal Can en Lata 400gr','Descripción\r\nEste alimento húmedo para perros, sabroso y digerible, respalda la salud digestiva con un alto contenido de grasas y calorías, por lo que puede alimentar a su perro con porciones pequeñas para apoyar su sensible estómago. Esto también ayuda a los perros con bajo peso o que comen menos a obtener las calorías que necesitan. Los prebióticos ayudan a mantener el equilibrio de las bacterias buenas en el intestino. Una mezcla de fibras dietéticas favorece una digestión saludable para una calidad óptima de las heces. Los ácidos grasos omega-3, EPA y DHA, del aceite de pescado ayudan a calmar el tracto gastrointestinal. Y una combinación precisa de antioxidantes respalda un sistema inmunológico saludable. Pregúntele a su veterinario acerca de combinar este alimento húmedo para perros con el alimento seco para perros Royal Canin Gastrointestinal (anteriormente Gastrointestinal High Energy) como complemento a la dieta diaria de su perro.',99.00,0,20,'Alimento','perro','Alimento Humedo','https://petkorp.com/wp-content/uploads/2024/10/ROY-73_00.png','2024-11-03 01:14:38','2024-11-03 01:14:38',1),(76,'Comida Húmeda Cat Chow','Descripción\r\nEsta lìnea provee a tu gato una fuete alternativa de hidratación y propicia la buena salud se su tracto urinario. Contiene un excelente equilibrio de nutrientes e hidratación lo que contribuye al bienestar y buena salud de gatos adultos de toda raza y tamaño. Sin mencionar que su exquisito sabor y textura satisfacerá incluso a gatos con paladares exigentes.',7.00,0,10,'Alimento','gato','Alimento Humedo','https://petkorp.com/wp-content/uploads/2023/02/PURN033-1.jpg','2024-11-03 01:16:45','2024-11-03 01:16:45',1),(77,'Comida Humeda para gato Primogato','Descripción\r\nSus altos niveles de proteína hacen que este alimento se de un alto valor energético. Adiciona taurina a su fórmula para poder mantener la visión, sistema muscular y cardiovascular de tu gato en excelente forma. Además contiene una mezcla completa de vitaminas y nutrientes que le darán una apariencia suave y brillante a su pelaje. Gracias a su alto nivel de humedad contribuye a mantener el tracto urinario saludable.',17.98,0,10,'Alimento','gato','Alimento Humedo','https://petkorp.com/wp-content/uploads/2023/02/PROC19-1.jpeg','2024-11-03 01:17:54','2024-11-03 01:17:54',1),(78,'MONELLO Adulto Rza. Pequeña 1kg','Descripción\r\nLa nueva Monello Perros Adultos Razas Pequeñas Pollo proporciona más longevidad a los peludos. Con adición de linaza, aceite de oliva y aceite de girasol, el alimento es rico en antioxidantes que combaten los radicales libres y previenen el envejecimiento, lo cual aumenta el bienestar y la vitalidad de las mascotas. Los ingredientes también son esenciales para promover la belleza y la salud de la piel y del pelo de los perros.',29.98,0,20,'Alimento','perro','Alimento Seco','https://petkorp.com/wp-content/uploads/2022/12/MONL009_0.jpg','2024-10-07 20:21:01','2024-10-07 20:21:01',1),(79,'MONELLO Cachorro 1kg','Descripción\r\nLa nueva Monello Dog Cachorros Pollo fue reformulada y pasó a presentar aún más beneficios para el desarrollo equilibrado y sano de los peluditos. Cuenta con la adición del extracto de Yucca Schidigera y del manano-oligosacárido (MOS), que actúan directamente en el mantenimiento de la flora intestinal, lo cual promueve más absorción y, consecuentemente, un máximo aprovechamiento de los nutrientes, minerales y proteínas por el organismo de los cachorros.',33.00,0,50,'Alimento','perro','Alimento Seco','https://petkorp.com/wp-content/uploads/2022/12/MONL007_0.png','2024-10-07 20:22:08','2024-10-07 20:22:08',1),(80,'MONELLO Adulto Tradicional Rza. Med. y Gran. 25kg','Descripción\r\nLa nueva Monello Perros Adultos Tradicional Pollo tiene digestibilidad superior a 80%, lo que significa que proporciona aún más energía y vitalidad a las mascotas. Con más aprovechamiento del alimento, gracias al uso de proteínas de calidad y la adición de manano-oligosacáridos (MOS), prebiótico que actúa en la salud intestinal al asegurar la máxima absorción de los nutrientes, la fórmula proporciona un desarrollo más sano a la mascota.',414.97,0,45,'Alimento','perro','Alimento Seco','https://petkorp.com/wp-content/uploads/2022/12/MONL011_0.png','2024-10-07 20:23:02','2024-10-07 20:23:02',1),(81,'PODIUM Adulto Rza. Mediana y Grande 8kg','Descripción\r\nPODIUM adultos cuenta con proteínas seleccionadas que ayudan a optimizar la absorción de nutrientes.\r\nPara razas medianas y grandes. Cuenta con 22% de proteína y 9% de grasa. Mantiene fuerte, sano y con energía a tu mascota. -Elaborado con proteína fresca y antioxidantes naturales que contribuyen a mejorar la salud general de tu cachorro.\r\n– Con minerales y fuentes de calcio que ayuda al apropiado crecimiento y desarrollo de los huesos.\r\n– Contiene fibras naturales que mejoran el funcionamiento del aparato digestivo.\r\n-Con vitaminas y omega 3 que mejoran la piel y el brillo del pelo.',149.00,0,45,'Alimento','perro','Alimento Seco','https://petkorp.com/wp-content/uploads/2023/04/POD-03_0.jpg','2024-10-07 20:24:41','2024-10-07 20:24:41',1),(82,'PODIUM Adulto Rza. Pequeña 1,4kg','Descripción\r\nEl perro de raza pequeña por su metabolismo acelerado y comportamiento inquieto, requiere de más energía que las razas medianas y grandes.\r\nPODIUM adulto razas pequeñas aporta un 25% de proteína y 11% de grasa para mantener fuerte sano y con energía a tu mascota. -Elaborado con proteína fresca y antioxidantes naturales que contribuyen a mejorar la salud general de tu cachorro.\r\n– Con minerales y fuentes de calcio que ayuda al apropiado crecimiento y desarrollo de los huesos.\r\n– Contiene fibras naturales que mejoran el funcionamiento del aparato digestivo.\r\n-Con vitaminas y omega 3 que mejoran la piel y el brillo del pelo.',31.00,0,35,'Alimento','perro','Alimento Seco','https://petkorp.com/wp-content/uploads/2023/04/POD-05_0.jpg','2024-10-07 20:25:51','2024-10-07 20:25:51',1),(83,'PODIUM Adulto Rza. Pequeña 2,8kg','Descripción\r\nEl perro de raza pequeña por su metabolismo acelerado y comportamiento inquieto, requiere de más energía que las razas medianas y grandes.\r\nPODIUM adulto razas pequeñas aporta un 25% de proteína y 11% de grasa para mantener fuerte sano y con energía a tu mascota. -Elaborado con proteína fresca y antioxidantes naturales que contribuyen a mejorar la salud general de tu cachorro.\r\n– Con minerales y fuentes de calcio que ayuda al apropiado crecimiento y desarrollo de los huesos.\r\n– Contiene fibras naturales que mejoran el funcionamiento del aparato digestivo.\r\n-Con vitaminas y omega 3 que mejoran la piel y el brillo del pelo.',58.00,0,48,'Alimento','perro','Alimento Seco','https://petkorp.com/wp-content/uploads/2023/04/POD-06_0.jpg','2024-10-07 20:27:05','2024-10-07 20:27:05',1),(84,'PODIUM Cachorro Rza. Mediana y Grande 1,4kg','Descripción\r\nLos cachorros de razas medianos alcanzan su tamaño adulto a los 15 meses y los grandes a los 18 meses.\r\nPODIUM cachorro razas medianas y grandes con 27% de proteína y 9% de grasa provee la nutrición necesaria para el crecimiento de tu cachorro. -Elaborado con proteína fresca y antioxidantes naturales que contribuyen a mejorar la salud general de tu cachorro.\r\n– Con minerales y fuentes de calcio que ayuda al apropiado crecimiento y desarrollo de los huesos.\r\n– Contiene fibras naturales que mejoran el funcionamiento del aparato digestivo.\r\n-Con vitaminas y omega 3 que mejoran la piel y el brillo del pelo',35.00,0,50,'Alimento','perro','Alimento Seco Especial','https://petkorp.com/wp-content/uploads/2023/04/POD-09_0.jpg','2024-10-07 20:28:03','2024-10-07 20:28:03',1),(85,'MONELLO Cachorro Rza. Pequeñas 10,1kg','Descripción\r\nMonello Cachorros Razas Pequeñas Pollo, Carne y Huevos es un producto completamente nuevo en la línea de alimentos. Con partícula adaptada, proporciona masticación fácil y una comida más sabrosa. La adición de aceite de salmón ayuda en la maduración cognitiva, necesaria para el crecimiento sano. La fórmula aún cuenta con la presencia de huevos en polvo. El alimento, que es considerado la fuente más rica de proteína existente, actúa en el mantenimiento de la musculatura y en el desarrollo equilibrado de los cachorros, lo cual da todo el soporte necesario para la etapa inicial de la vida de los peluditos. La adición de manano-oligosacáridos (MOS) actúa en la mejor absorción y aprovechamiento de los nutrientes que contiene el alimento.\r\nAdemás, Monello Cachorros Razas Pequeñas proporciona un ambiente más higiénico al insertar extracto de Yucca Schidigera en la formulación, ya que contribuye para la reducción del volumen y del olor de las heces.',195.00,0,50,'Alimento','perro','Alimento Seco','https://petkorp.com/wp-content/uploads/2024/03/MONL017_0.jpg','2024-10-07 20:29:49','2024-10-07 20:29:49',1),(86,'MONELLO Perro Senior 15kg','Descripción\r\nA pesar de no contener especificación de edad, Monello Perros Senior Pollo, Arroz y Remolacha está desarrollada especialmente para las mascotas que ya redujeron el ritmo de los juegos. Pensando en el bienestar de los perros y en una alimentación más sabrosa, el formato de las croquetas facilita la masticación. La adición de hexametafosfato de sodio protege la salud bucal, combate el sarro y el mal aliento y fortifica los dientes. La fórmula posee huevos en polvo, alimento con alto valor biológico y rico en proteínas, lo cual ayuda en el suministro de nutrientes de calidad, como también la presencia de aceite de salmón, que proporciona un envejecimiento más sano a los peludos.\r\nLa glucosamina y la condroitina actúan en la prevención del desgaste y en la regeneración de las articulaciones, y la utilización de proteínas de excelencia ayuda en el mantenimiento de la musculatura.',255.00,0,45,'Alimento','perro','Alimento Seco','https://petkorp.com/wp-content/uploads/2024/03/MONL015_0.jpg','2024-10-07 20:30:52','2024-10-07 20:30:52',1),(87,'CIBAU Cachorro Max Rza. Grande 15Kg','Descripción\r\nCibau Puppy Maxi Breeds es un alimento completo y balanceado para perros cachorros de razas grandes y gigantes, además para hembras en el tercio final de la gestación y lactancia.\r\nCibau Puppy Maxi Breeds tiene una forma especial en sus croquetas con las partículas adecuadas para mejorar la masticación de tu cachorro en desarrollo, ya que las razas grandes tienen necesidades nutricionales distintas por su tamaño y crecimiento.\r\nCon su fórmula a base de vísceras de pollo, cáscara de arroz, maíz, huevo en polvo, fuentes de proteína y grasas como el aceite y la harina de pescado tu pequeño peludo tendrá los nutrientes que necesita.\r\nEste alimento suministra la cantidad necesaria de nutrientes para tu cachorrito crezca fuerte y sano.',454.00,0,65,'Alimento','perro','Alimento Seco','https://petkorp.com/wp-content/uploads/2023/07/VETP072_0.png','2024-11-03 01:32:54','2024-11-03 01:32:54',1),(88,'PRO PLAN Active Mind 7+ Rza. Pequeña 3kg','Descripción\r\nPro Plan Active Mind Razas Pequeñas es un alimento pensado para perros de raza pequeña que están atravesando su etapa de madurez y que, por lo tanto, experimentan la disminución de sus capacidades físicas y mentales.\r\nIncorpora fuentes naturales de glucosamina, un amino-azúcar que el organismo usa para construir los cartílagos.\r\nContiene además proteínas de alta calidad (originadas principalmente de carne de pollo y de la harina de sus subproductos).',203.00,0,65,'Alimento','perro','Alimento Seco','https://petkorp.com/wp-content/uploads/2023/02/PP-DG13_0.png','2024-11-03 01:34:33','2024-11-03 01:34:33',1),(89,'PRO PLAN Active Mind 7+ Rza. Med. y Gran. 15kg','Descripción\r\nAl madurar las capacidades físicas de los perros empiezan a deteriorarse y con esto viene acompañado un problema común en el cual el cerebro tiene problemas para utilizar la glucosa como fuente de energía a través del sistema nervioso.\r\nPor esto, veterinarios y nutricionistas desarrollaron Pro Plan Active Mind con Optiage, una tecnología exclusiva formulada con aceites botánicos que actúan como fuente alternativa de energía para tu mascota.\r\nImplementar Pro Plan Active Mind Raza Mediana y Grande en la dieta diaria de tu perro ayudará a la mejora de su memoria y atención, sin mencionar que prolongará su expectativa y calidad de vida.',641.00,0,70,'Alimento','perro','Alimento Seco','https://petkorp.com/wp-content/uploads/2023/02/PP-DG25_0.png','2024-11-03 01:35:40','2024-11-03 01:35:40',1),(90,'PRO PLAN Adulto Rza. Grande 15kg','Descripción\r\nPara perros de tamaño considerable, Pro Plan Adulto Raza Grande otorga principios avanzados de nutrición que garantizan el pleno desarrollo y mantenimiento de tu mascota.\r\n\r\nUtiliza como ingrediente principal la carne fresca de pollo, lo que otorga un alto aporte proteíco (26%) y un menor aporte calórico proveniente de las grasas (12%).\r\n\r\nEsto es ideal para mantener un peso corporal adecuado para perros de raza grande.\r\n\r\nPro Plan Adulto Raza Grande incorpora además ingredientes como la Spirulina para la salud de las articulaciones, los ácidos grasos EPA (esenciales y poliinsaturados) que son beneficiosos para la salud de los perros.',588.00,0,40,'Alimento','perro','Alimento Seco','https://petkorp.com/wp-content/uploads/2022/12/PP-DG22_0.png','2024-11-03 01:37:10','2024-11-03 01:37:10',1),(91,'Dogoods Hueso Anudado Natural 4/5 Paq. 2 unidades','Descripción\r\nBone Knot Dog Goods 4/5 es 100% natural. Proporciona momentos de distracción y es un gran regalo para su cachorro.',18.00,0,62,'Alimento','perro','Snacks y Premios','https://petkorp.com/wp-content/uploads/2023/01/INVT-107_0.png','2024-11-03 01:38:48','2024-11-03 01:38:48',1),(92,'Mastig Palito Flexible Natural 1kg','Descripción\r\nUso prohibido en la alimentación de Rumiantes; Producto listo para comer; No destinados al consumo humano; Este producto no es un sustituto de la alimentación completa.\r\nCondiciones de almacenamiento: Almacenar en un lugar fresco y ventilado.\r\nVida útil: 12 meses a partir de la fecha de fabricación',100.00,0,230,'Alimento','perro','Snacks y Premios','https://petkorp.com/wp-content/uploads/2023/01/INVT-147_0.png','2024-11-03 01:40:48','2024-11-03 01:40:48',1),(93,'Kukipets Paquete Mollejas Deshidratadas 70gr','Descripción\r\nSnacks deshidratados con fuente de colageno y glucosamina, aporta proteina de calidad y alto nivel de digestibilidad, limpian y fortalecen los dientes y mandibula de nuestras mascotas.',35.00,0,250,'Alimento','perro','Snacks y Premios','https://petkorp.com/wp-content/uploads/2023/02/KUKI17_0-1-scaled.jpg','2024-11-03 01:42:26','2024-11-03 01:42:26',1),(94,'Dow Chow Salud Oral Adulto Rza. Med/Grande 80gr','Descripción\r\nDOG CHOW® Salud Oral Adultos Medianos y Grandes es un suplemento / complemento alimenticio para perros adultos 10 kg o más. El producto se presenta en la forma de bastón recto de color marrón escuro, con 5 aristas limpiadoras.',16.00,0,107,'Alimento','perro','Snacks y Premios','https://petkorp.com/wp-content/uploads/2023/04/PURN069_0.png','2024-11-03 01:43:51','2024-11-03 01:43:51',1),(95,'Delicias 8en1 Rolls Gourmet 3 unidades','Descripción\r\nSnacks para perros libres de residuos tóxicos y conservantes. 3 rolls de 9,5cm. Ingredientes: carnaza de res.',18.00,0,75,'Alimento','perro','Snacks y Premios','https://petkorp.com/wp-content/uploads/2023/05/INVT-113_0.webp','2024-11-03 01:46:04','2024-11-03 01:46:04',1),(96,'DOG CHOW Bocadito MIX Frutas xl 75gr','Descripción\r\nSon deliciosos bocaditos preparados con cuidado especial, crocantes por fuera y rellenos de manzana, que a tu perro le van a encantar.\r\nHecho con trigo integral.\r\nCon calcio para dientes y huesos fuertes.',11.98,0,88,'Alimento','perro','Snacks y Premios','https://petkorp.com/wp-content/uploads/2023/07/PURN090_0.jpg','2024-11-03 01:48:31','2024-11-03 01:48:31',1),(97,'Kukipets Paquete Patitas','Descripción\r\nLas Patitas Kukichew debido al proceso de deshidratado la pata de pollo es un snack seguro, saludable y de alta calidad, rico en proteína y grasa animal.\r\nBeneficios:\r\n• 100% Natural libre de conservantes o químicos.\r\n• Fuente natural de Calcio, Fósforo y Condroitina.\r\n• Fuente natural de colágeno y glucosamina, ayuda a fortalecer las articulaciones y huesos.\r\n• Ayuda a la limpieza dental previniendo y eliminando el sarro.\r\n• Fortalece a los músculos de la mandíbula.\r\n• Tiene una textura crujiente para entretener y relajar a tu mascota.\r\n• Libres de hormonas, saborizantes y conservadores, no contienen ningún tipo de químico.\r\n• Libre de Gluten y granos.',27.00,0,72,'Alimento','perro','Snacks y Premios','https://petkorp.com/wp-content/uploads/2024/01/KUKI34_0.jpg','2024-11-03 01:49:37','2024-11-03 01:49:37',1),(98,'Pedigree Biscrock','Descripción\r\nLos snacks se pueden utilizar para entrenar y recompensar, son perfectos para momentos de conexión, además de poder ayudar a mantener su salud oral. Por ello BISCROK™ son Crujientes Galletas en forma de hueso enriquecidas con calcio y omega 6, ideales para entrenar, premiar y consentir a tu perro a cualquier hora del día. Fortalece la relación entre tú y tu perro dándole lo mejor!​',15.00,0,57,'Alimento','perro','Snacks y Premios','https://petkorp.com/wp-content/uploads/2024/08/MIN021_0.png','2024-11-03 01:50:48','2024-11-03 01:50:48',1),(99,'Juguete Croquetero Ovni','Descripción\r\nEste innovador juguete permite a tu amigo peludo ver, oler, escuchar y descubrir las golosinas ocultas en su interior. Fabricadas con materiales de alta calidad, nuestras pelotas de juguete no solo son duraderas, sino también extraíbles para una fácil limpieza, lo que garantiza un tiempo de juego seguro e higiénico para su mascota.\r\nDiseñado con la forma de un platillo volador, este creativo juguete es resistente a las mordidas y está construido para durar, proporcionando interminables horas de entretenimiento para su perro.\r\nEstimula el interés y el apetito del perro con golosinas ocultas dentro del juguete.\r\nMateriales de alta calidad y diseño extraíble para una fácil limpieza y un juego seguro.',58.00,3,50,'Juguetes','perro','Pelotas y Otros','https://petkorp.com/wp-content/uploads/2024/05/BA664_0.png','2024-11-03 14:37:51','2024-11-03 14:37:51',1),(100,'MONELLO Gato Adulto 1kg','Descripción\r\nAlimento completo y balanceado para gatos adultos. Es una tecnología exclusiva, que incluye una combinación de nutrientes que ayuda a prevenir la formación de cristales de estruvita y de oxalato, manteniendo y protegiendo la salud del tracto urinario inferior de los gatos adultos.',33.00,0,250,'Alimento','gato','Alimento Seco','https://petkorp.com/wp-content/uploads/2023/01/rsz_monl003_0.jpg','2024-11-06 04:40:17','2024-11-06 04:40:17',1),(101,'MONELLO Gato Cachorro 1kg','Descripción\r\nMonello Cat Cachorros es un alimento premium especial que contiene leche en su formulación, no cuenta con colorantes y aromatizantes artificiales. Monello Cat Cachorros posee alta digestibilidad y cuenta con la adición de Taurina, que actúa en la salud de la visión y del corazón, además de poseer ingredientes que auxilian en la prevención de cálculos urinarios y en el desarrollo saludable de los cachorros.',34.00,0,559,'Alimento','gato','Alimento Seco','https://petkorp.com/wp-content/uploads/2023/01/MONL001_0.jpg','2024-11-06 04:42:50','2024-11-06 04:42:50',1),(102,'NUTRIQUE Gato Adulto Peso Ideal 2kg','Descripción\r\nNutrique Young Adult Cat Healthy Maintenance el 80% de su proteina es de origen animal (50% pavo y 30% cerdo).\r\n– Contiene arándanos rojos (cranberries) que contribuyen a proteger las vías urinarias bajas y controlar las infecciones de las mismas gracias a sus propiedades antisépticas.',203.00,0,229,'Alimento','gato','Alimento Seco','https://petkorp.com/wp-content/uploads/2024/05/VTLCN055_0.png','2024-11-06 04:44:17','2024-11-06 04:44:17',1),(103,'CAT CHOW Sin Colorantes Adulto Carne y Pollo 1kg','Descripción\r\nUna buena nutrición es fundamental para proteger la salud de los gatos. Es por eso que desarrollamos PURINA® CAT CHOW® CON DEFENSE PLUS®, elaborado con una selección de ingredientes naturales y mejorado, con la inclusión de un prebiótico natural.',36.00,0,550,'Alimento','gato','Alimento Seco','https://petkorp.com/wp-content/uploads/2023/04/PURN082_0.jpg','2024-11-06 04:45:12','2024-11-06 04:45:12',1),(104,'FRISKIES Adultos Selección Especial 3kg','Descripción\r\nFRISKIES® es un alimento 100% completo y balanceado para gatos adultos.\r\nPremium especial y sin colorantes artificiales.\r\nDeliciosa combinación de 7 proteínas ahora sin colorantes artificiales.\r\nMantiene un tracto urinario sano. Mantiene músculos fuertes y sanos.\r\nContiene vitaminas y minerales esenciales.',119.00,0,800,'Alimento','gato','Alimento Seco','https://petkorp.com/wp-content/uploads/2024/04/PURN097_0.png','2024-11-06 04:46:09','2024-11-06 04:46:09',1),(105,'LEROY Gato Adulto Buffet Mix 15kg','Descripción\r\n• Taurina extra – corazón y visión saludables.\r\n• Omegas 3 y 6 – Piel y cabello sanos, suaves y brillantes. También ayuda en el sistema cardiovascular y los procesos antiinflamatorios.\r\n• Extracto de yuca: reduce el olor de las excreciones.\r\n• Control del pH urinario; Complejo de Vitamina E, Vitamina C y Selenio – Protección antioxidante, mayor longevidad.',352.98,0,290,'Alimento','gato','Alimento Seco','https://petkorp.com/wp-content/uploads/2024/04/INVT-184_0.png','2024-11-06 04:47:14','2024-11-06 04:47:14',1),(106,'LEROY Gato Adulto Cocktail Do Mar 15kg','Descripción\r\n• Taurina extra – corazón y visión saludables.\r\n• Omegas 3 y 6 – Piel y cabello sanos, suaves y brillantes. También ayuda en el sistema cardiovascular y los procesos antiinflamatorios.\r\n• Extracto de yuca: reduce el olor de las excreciones.\r\n• Control del pH urinario; Complejo de Vitamina E, Vitamina C y Selenio – Protección antioxidante, mayor longevidad.',351.99,0,599,'Alimento','gato','Alimento Seco','https://petkorp.com/wp-content/uploads/2024/04/INVT-188_0.png','2024-11-06 04:48:06','2024-11-06 04:48:06',1),(107,'LEROY Gato Cachorro Petit Delicatessen 1kg','Descripción\r\n• Deliciosas croquetas, ricas en proteínas y ácidos grasos.\r\n• Formato ideal para masticar y digerir los alimentos de los cachorros.\r\n• Taurina extra – corazón y visión saludables.\r\n• Omegas 3 y 6 – Piel y cabello sanos, suaves y brillantes. También ayuda en el sistema cardiovascular y los procesos antiinflamatorios.\r\n• Extracto de yuca: reduce el olor de las excreciones.\r\n• Control del pH urinario.\r\n• Complejo de Vitamina E, Vitamina C y Selenio – Protección antioxidante, mayor longevidad.',33.00,0,899,'Alimento','gato','Alimento Seco','https://petkorp.com/wp-content/uploads/2024/04/INVT-191_0.png','2024-11-06 04:49:03','2024-11-06 04:49:03',1),(108,'GATI Pescado y Salmón','Descripción\r\nMÁS DE 90 AÑOS EXCELENCIA PURINA® RECETA EXCLUSIVA\r\n\r\n100% completo y balanceado\r\nSin colorantes artificiales\r\nMúsculos fuertes\r\nSistema inmune sano\r\nPiel y pelaje saludables',280.00,0,380,'Alimento','gato','Alimento Seco','https://www.purina.com.ar/sites/default/files/styles/webp/public/2023-01/gati_pescado_salmon_a_la_primavera.png.webp?itok=Tm5sallt','2024-11-06 04:51:03','2024-11-06 04:51:03',1),(109,'Gati Sabor Pescado, Arroz y Espinaca','Su contenido en fibras y vegetales como el arroz y la espinaca optimizan el funcionamiento del tracto intestinal para una mayor absorción de nutrientes además de evitar los malos olores en las heces de tu gato.\r\nLa exquisita combinación de ingredientes, aromas y texturas garantizan un sabor irresistible para to gato sin mencionar que contiene un óptimo nivel de vitaminas y minerales que tu gato necesita para tener un estado adecuado de músculos y huesos.',310.00,0,419,'Alimento','gato','Alimento Seco','https://d34xtejqjqcp3x.cloudfront.net/store/c6b20cb46cd9f89cfd0a77e92268bc48.png?X-Amz-Algorithm=AWS4-HMAC-SHA256&X-Amz-Credential=AKIAICTJHRPRHFBTAWCA%2F20241106%2Fsa-east-1%2Fs3%2Faws4_request&X-Amz-Date=20241106T045132Z&X-Amz-Expires=900&X-Amz-SignedHe','2024-11-06 04:52:33','2024-11-06 04:52:33',1),(110,'Matisse Castrados Salmón','Matisse Castrados Salmón es un alimento para gatos castrados basado en el salmón, que es una excelente fuente de aminoácidos y ácidos grasos esenciales (Omega 3 y Omega 6) además de minerales como el selenio o el magnesio.\r\nSu formulación es óptima para el metabolismo cambiante de los gatos castrados, que necesitan una atención especial en sus requerimientos nutricionales para mantener su tonicidad muscular y evitar un aumento innecesario de peso.',99.00,0,290,'Alimento','gato','Alimento Seco','https://d34xtejqjqcp3x.cloudfront.net/store/aff092431e26e1d9e7d93b5488c869eb.png?X-Amz-Algorithm=AWS4-HMAC-SHA256&X-Amz-Credential=AKIAICTJHRPRHFBTAWCA%2F20241106%2Fsa-east-1%2Fs3%2Faws4_request&X-Amz-Date=20241106T045308Z&X-Amz-Expires=900&X-Amz-SignedHe','2024-11-06 04:53:54','2024-11-06 04:53:54',1),(111,'Matisse Salmón y Arroz','Matisse Salmón y Arroz es un alimento para gatos adultos con una actividad física normal que ofrece un buen balance en la dieta de tu gato.\r\n\r\nContiene proteínas que provienen de ingredientes nobles de alto valor biológico complementándolas con una cocción ideal de sus carbohidratos para proveer una alta digestibilidad del alimento.',86.98,0,229,'Alimento','gato','Alimento Seco','https://d34xtejqjqcp3x.cloudfront.net/store/a712ace84c7fe679fe3866206feb3fd2.png?X-Amz-Algorithm=AWS4-HMAC-SHA256&X-Amz-Credential=AKIAICTJHRPRHFBTAWCA%2F20241106%2Fsa-east-1%2Fs3%2Faws4_request&X-Amz-Date=20241106T045404Z&X-Amz-Expires=900&X-Amz-SignedHe','2024-11-06 04:54:55','2024-11-06 04:54:55',1),(112,'Pro Plan Gato Adulto Salmón en Salsa','Pro Plan Gato Adulto Salmón en Salsa es un alimento húmedo para gatos a partir del primer año de edad.\r\n\r\nEsta ración húmeda es apta para gatos de todo tamaño y raza.\r\n\r\nContiene carne de salmón combinada con otras proteínas de origen animal que proveen un balance ideal de nutrientes para la salud de tu gato.',14.00,0,1230,'Alimento','gato','Alimento Humedo','https://d34xtejqjqcp3x.cloudfront.net/store/e9a7b7be98c6ab0cd6ad04679334ee91.webp?X-Amz-Algorithm=AWS4-HMAC-SHA256&X-Amz-Credential=AKIAICTJHRPRHFBTAWCA%2F20241106%2Fsa-east-1%2Fs3%2Faws4_request&X-Amz-Date=20241106T045529Z&X-Amz-Expires=900&X-Amz-SignedH','2024-11-06 04:56:06','2024-11-06 04:56:06',1),(113,'Cat Chow Esterilizado Pescado Húmedo','Cat Chow Esterilizado Pescado Húmedo es un alimento húmedo especialmente formulado para gatos que han sido castrados o esterilizados. \r\n\r\nEste alimento contiene 11% de proteína de origen animal que provee a tu gato de todos los aminoácidos esenciales que necesita para mantenerse sano. \r\n\r\nEl alto nivel de humedad de este alimento contribuye a la salud del tracto urinario.',8.00,0,930,'Alimento','gato','Alimento Humedo','https://d34xtejqjqcp3x.cloudfront.net/store/ffe353acc56b1b5ac53ecc90cab26f9b.webp?X-Amz-Algorithm=AWS4-HMAC-SHA256&X-Amz-Credential=AKIAICTJHRPRHFBTAWCA%2F20241106%2Fsa-east-1%2Fs3%2Faws4_request&X-Amz-Date=20241106T045617Z&X-Amz-Expires=900&X-Amz-SignedH','2024-11-06 04:57:16','2024-11-06 04:57:16',1),(114,'Whiskas Adulto Pavo en Salsa','Whiskas Adulto Pavo en Salsa es un alimento pensado exclusivamente para satisfacer al felino de la casa. \r\nEs un alimento 100% completo y balanceado para gatos desde el primer año de vida en adelante. \r\nCon suaves trocitos en salsa, de textura y sabor placentero, tu gato no dejará de pedirte esta ración húmeda.\r\nCon un 50% de proteína sobre materia seca, Whiskas Adulto Pavo le aporta a tu gato adulto el balance nutricional que necesita para mantenerse saludable.',7.00,0,908,'Alimento','gato','Alimento Humedo','https://d34xtejqjqcp3x.cloudfront.net/store/8f389dfffa4d4d995316e8e7b68d82ec.webp?X-Amz-Algorithm=AWS4-HMAC-SHA256&X-Amz-Credential=AKIAICTJHRPRHFBTAWCA%2F20241106%2Fsa-east-1%2Fs3%2Faws4_request&X-Amz-Date=20241106T045749Z&X-Amz-Expires=900&X-Amz-SignedH','2024-11-06 04:58:31','2024-11-06 04:58:31',1),(115,'Whiskas Gatito Carne en Salsa','Whiskas Gatito Carne en Salsa es un plato húmedo para gatitos desde los 2 hasta los 12 meses de edad.\r\n\r\nEste alimento se adapta perfectamente a la mandíbula de tu pequeño gatito haciendo que pueda tener una mayor digestibilidad.\r\n\r\nEs 100% completo y balancedado para apoyar el crecimiento de tu gatito. ',7.00,0,1230,'Alimento','gato','Alimento Humedo','https://d34xtejqjqcp3x.cloudfront.net/store/83565f39d188870e8623595401b51887.webp?X-Amz-Algorithm=AWS4-HMAC-SHA256&X-Amz-Credential=AKIAICTJHRPRHFBTAWCA%2F20241106%2Fsa-east-1%2Fs3%2Faws4_request&X-Amz-Date=20241106T045851Z&X-Amz-Expires=900&X-Amz-SignedH','2024-11-06 04:59:41','2024-11-06 04:59:41',1),(116,'Felix Adulto Carne','Felix Adulto Carne es un alimento húmedo para gatos adultos desde el primer año de vida en adelante.\r\nEste alimento húmedo contiene trocitos bañados en una deliciosa salsa sabor carne.\r\nContiene 11% de proteína cruda (sobre materia seca) y un 2% de grasas crudas.\r\nContiene una rica combinación de proteínas de origen animal y está enriquecido con taurina y vitaminas para darle a tu michi todos los requerimientos nutricionales que necesita.',8.00,0,387,'Alimento','gato','Alimento Humedo','https://d34xtejqjqcp3x.cloudfront.net/store/983e817f14f1d8ce22dbfec1e98bf35a.webp?X-Amz-Algorithm=AWS4-HMAC-SHA256&X-Amz-Credential=AKIAICTJHRPRHFBTAWCA%2F20241106%2Fsa-east-1%2Fs3%2Faws4_request&X-Amz-Date=20241106T045950Z&X-Amz-Expires=900&X-Amz-SignedH','2024-11-06 05:00:55','2024-11-06 05:00:55',1),(117,'Whiskas Gatito Soufflé de Carne','Whiskas Gatito Soufflé de Carne es un delicioso alimento húmedo con textura de souffle sabor carne para gatitos de 2 a 12 meses.\r\nCon toda la experiencia nutricional de Whiskas, este es un alimento completo y balanceado para darle a tu gato la nutrición completa y balanceada que necesita para desarrollarse.',7.00,0,2300,'Alimento','gato','Alimento Humedo','https://d34xtejqjqcp3x.cloudfront.net/store/a9495e71c4bbb02bf5f7201b2d35d551.webp?X-Amz-Algorithm=AWS4-HMAC-SHA256&X-Amz-Credential=AKIAICTJHRPRHFBTAWCA%2F20241106%2Fsa-east-1%2Fs3%2Faws4_request&X-Amz-Date=20241106T050107Z&X-Amz-Expires=900&X-Amz-SignedH','2024-11-06 05:02:09','2024-11-06 05:02:09',1),(118,'Equilibrio Gatos Castrados','Equilibrio Gatos Castrados Hairball es un alimento completo y balanceado para gatos castrados de 1 a 7 años.\r\nLa fórmula de este alimento ayuda al control del pH urinario para prevenir enfermedades en las vías urinarias.\r\nLa combinación de L-Carnitina y fibras contribuye al metabolismo de las grasas y así ayuda a que tu gato se mantenga en un peso saludable.\r\nPara la salud de la flora intestinal adiciona MOS y FOS.',127.00,0,390,'Alimento','gato','Alimento Seco Especial','https://d34xtejqjqcp3x.cloudfront.net/store/1e33e24905963eb4a2747e55b80f776d.webp?X-Amz-Algorithm=AWS4-HMAC-SHA256&X-Amz-Credential=AKIAICTJHRPRHFBTAWCA%2F20241106%2Fsa-east-1%2Fs3%2Faws4_request&X-Amz-Date=20241106T050450Z&X-Amz-Expires=900&X-Amz-SignedH','2024-11-06 05:06:14','2024-11-06 05:06:14',1),(119,'Matisse Castrados Salmón','Matisse Castrados Salmón es un alimento para gatos castrados basado en el salmón, que es una excelente fuente de aminoácidos y ácidos grasos esenciales (Omega 3 y Omega 6) además de minerales como el selenio o el magnesio.\r\n\r\nSu formulación es óptima para el metabolismo cambiante de los gatos castrados, que necesitan una atención especial en sus requerimientos nutricionales para mantener su tonicidad muscular y evitar un aumento innecesario de peso.',99.00,0,750,'Alimento','gato','Alimento Seco Especial','https://d34xtejqjqcp3x.cloudfront.net/store/aff092431e26e1d9e7d93b5488c869eb.png?X-Amz-Algorithm=AWS4-HMAC-SHA256&X-Amz-Credential=AKIAICTJHRPRHFBTAWCA%2F20241106%2Fsa-east-1%2Fs3%2Faws4_request&X-Amz-Date=20241106T050656Z&X-Amz-Expires=900&X-Amz-SignedHe','2024-11-06 05:08:58','2024-11-06 05:08:58',1),(120,'Primogato Castrados','Primogato Castrados es un alimento especialmente diseñado para gatos adultos que han sido castrados. \r\nLos gatos castrados requieren una alimentación especial, aún más si viven en espacios reducidos como departamentos ya que tienden a ganar peso con más facilidad que un gato no castrado. \r\nPor eso Primogato trae un alimento bajo en grasas y alto en proteínas (33%) para poder satisfacer a tu gato con menos cantidad de comida sin que pase hambre. ',40.98,0,460,'Alimento','gato','Alimento Seco Especial','https://d34xtejqjqcp3x.cloudfront.net/store/6ff28c2e5c93a85d05d0ab9694fff5ea.webp?X-Amz-Algorithm=AWS4-HMAC-SHA256&X-Amz-Credential=AKIAICTJHRPRHFBTAWCA%2F20241106%2Fsa-east-1%2Fs3%2Faws4_request&X-Amz-Date=20241106T051015Z&X-Amz-Expires=900&X-Amz-SignedH','2024-11-06 05:11:35','2024-11-06 05:11:35',1),(121,'Josue','ljblkjbl',200.00,0,142,'Alimento','perro','Alimento Seco Especial','https://www.fcbarcelona.com/fcbarcelona/photo/2022/08/02/ae5252d1-b79b-4950-9e34-6e67fac09bb0/LeoMessi20092010_pic_fcb-arsenal62.jpg','2024-11-19 18:19:40','2024-11-19 18:19:40',1),(122,'Daniel','khjbkjhbkjh',200.00,0,41,'Alimento','perro','Alimento Seco Especial','https://fifpro.org/media/5chb3dva/lionel-messi_imago1019567000h.jpg?rxy=0.32986930611281567,0.18704579979466449&rnd=133378758718600000','2024-11-19 18:29:51','2024-11-19 18:29:51',1);
/*!40000 ALTER TABLE `productos` ENABLE KEYS */;
UNLOCK TABLES;

--
-- Table structure for table `stock_producto`
--

DROP TABLE IF EXISTS `stock_producto`;
/*!40101 SET @saved_cs_client     = @@character_set_client */;
/*!50503 SET character_set_client = utf8mb4 */;
CREATE TABLE `stock_producto` (
  `id` int NOT NULL AUTO_INCREMENT,
  `producto_id` int NOT NULL,
  `cantidad` int NOT NULL,
  `fecha_vencimiento` date NOT NULL,
  `lote` varchar(50) NOT NULL,
  `fecha_ingreso` date NOT NULL,
  PRIMARY KEY (`id`),
  KEY `producto_id` (`producto_id`),
  CONSTRAINT `stock_producto_ibfk_1` FOREIGN KEY (`producto_id`) REFERENCES `productos` (`producto_id`)
) ENGINE=InnoDB AUTO_INCREMENT=8 DEFAULT CHARSET=utf8mb4 COLLATE=utf8mb4_0900_ai_ci;
/*!40101 SET character_set_client = @saved_cs_client */;

--
-- Dumping data for table `stock_producto`
--

LOCK TABLES `stock_producto` WRITE;
/*!40000 ALTER TABLE `stock_producto` DISABLE KEYS */;
INSERT INTO `stock_producto` VALUES (1,1,12,'2024-11-30','1222','2024-11-19'),(2,1,13,'2024-11-30','1222','2024-11-19'),(3,121,122,'2024-12-20','12222','2024-11-19'),(4,122,11,'2024-11-28','LOT202412','2024-11-19'),(5,1,5,'2025-01-24','LOT2024121','2024-11-19'),(7,10,50,'2024-11-29','LOT2024CAMA','2024-11-20');
/*!40000 ALTER TABLE `stock_producto` ENABLE KEYS */;
UNLOCK TABLES;

--
-- Table structure for table `usuario`
--

DROP TABLE IF EXISTS `usuario`;
/*!40101 SET @saved_cs_client     = @@character_set_client */;
/*!50503 SET character_set_client = utf8mb4 */;
CREATE TABLE `usuario` (
  `id` int NOT NULL AUTO_INCREMENT,
  `nombre` varchar(120) DEFAULT NULL,
  `primerApellido` varchar(50) DEFAULT NULL,
  `segundoApellido` varchar(50) DEFAULT NULL,
  `fechaNacimiento` date DEFAULT NULL,
  `direccion` varchar(200) DEFAULT NULL,
  `telefono` varchar(10) DEFAULT NULL,
  `email` varchar(100) DEFAULT NULL,
  `nombre_usuario` varchar(50) NOT NULL,
  `contrasena` varchar(65) NOT NULL,
  `estadoUsuario` tinyint DEFAULT '1',
  `fechaCreacionUsuario` datetime DEFAULT CURRENT_TIMESTAMP,
  `fechaActualizacionUsuario` datetime DEFAULT NULL,
  `tipo_cliente` tinyint DEFAULT '1',
  PRIMARY KEY (`id`)
) ENGINE=InnoDB AUTO_INCREMENT=18 DEFAULT CHARSET=utf8mb4 COLLATE=utf8mb4_0900_ai_ci;
/*!40101 SET character_set_client = @saved_cs_client */;

--
-- Dumping data for table `usuario`
--

LOCK TABLES `usuario` WRITE;
/*!40000 ALTER TABLE `usuario` DISABLE KEYS */;
INSERT INTO `usuario` VALUES (11,'Roly','Lazaro','Cari','2024-08-22','Cbba','7485962','roly@gmail.com','Rolito','$2y$10$CbsLky/KAU3lERub0ONzWe7pxnbAl76mjquUVmy/cFldp/9SHwvGq',1,'2024-08-01 16:08:55','2024-08-01 16:08:55',1),(12,'Gustavoo','Marquez','Mendieta',NULL,'Quillacollo','8456132','gustavomarquezmendieta@gmail.com','Gustavo','$2y$10$bfJlTMu8K4T6qmkLp.uWFexFq.0nF.s4qaSbUuMXG6yBTliOMvpHe',1,'2024-10-28 18:40:50','2024-12-02 22:40:21',1),(13,'Juan Daniel','Vicente','Quispe',NULL,'asdasdasdasd','75885458','marquez.gustavo.1296@gmail.com','Danilo','$2y$10$TQnhMdN8y7QK05BikgLMge.50hvn6AF6mR0QvSxdUrsj74FTsx1fm',1,'2024-10-28 19:21:32',NULL,1),(14,'Gabriela','Choque','Perez',NULL,'asdasdasd','8456132','eldetalle6260@gmail.com','El detalle','$2y$10$8ZcXQAv5junKOFivQdmQM.NSWHAI0bPS/fAbHx.ISpVJpyeiB/W1G',1,'2024-10-29 00:25:14','2024-12-02 22:05:52',1),(15,'ROLYTO','LAZARO','CARI',NULL,'CALLE DORNBIGNI','69484828','lazaro.roly.407@gmail.com','Rolyto','$2y$10$sDEYqsEVPOaJqr7HaiXAIuKz2Q7ezpiNH8Ze9l9LtG1AwvA/RNgDu',1,'2024-10-29 15:36:32',NULL,1),(16,'Julio','Coca','','0000-00-00','calle 10 de diciembre','694848','rolyto.lazaro.85@gmail.com','JulitoCoca','$2y$10$8yuw/oBqvnOPTQ44NBj8ou0/2uvupge/cYRxUOLg1Nllq0dMP.7ky',1,'2024-11-10 11:11:31','2024-12-02 22:05:48',1),(17,'Jhery','Marquezzz',' Mendietaaa','0000-00-00','Quillacollo','62609245','gabrielachoque678@gmail.com','pruebaaa','$2y$10$uO7ucpKO6a2ClV8xZH84ruzWnoSzxWCA5bfYkvkh2od0YqP2u..YO',1,'2024-12-02 22:06:46','2024-12-02 22:11:28',1);
/*!40000 ALTER TABLE `usuario` ENABLE KEYS */;
UNLOCK TABLES;

--
-- Table structure for table `venta`
--

DROP TABLE IF EXISTS `venta`;
/*!40101 SET @saved_cs_client     = @@character_set_client */;
/*!50503 SET character_set_client = utf8mb4 */;
CREATE TABLE `venta` (
  `id` int NOT NULL AUTO_INCREMENT,
  `usuario_id` int NOT NULL,
  `cliente_id` int NOT NULL,
  `pedido_id` int NOT NULL,
  `total` decimal(10,2) NOT NULL,
  `estado` tinyint NOT NULL DEFAULT '1',
  `fechaPedido` date NOT NULL,
  `fechaVenta` timestamp NULL DEFAULT CURRENT_TIMESTAMP,
  PRIMARY KEY (`id`),
  KEY `usuario_id` (`usuario_id`),
  KEY `cliente_id` (`cliente_id`),
  KEY `pedido_id` (`pedido_id`),
  CONSTRAINT `venta_ibfk_1` FOREIGN KEY (`usuario_id`) REFERENCES `usuario` (`id`),
  CONSTRAINT `venta_ibfk_2` FOREIGN KEY (`cliente_id`) REFERENCES `clientes` (`cliente_id`),
  CONSTRAINT `venta_ibfk_3` FOREIGN KEY (`pedido_id`) REFERENCES `pedidos` (`id`)
) ENGINE=InnoDB AUTO_INCREMENT=102 DEFAULT CHARSET=utf8mb4 COLLATE=utf8mb4_0900_ai_ci;
/*!40101 SET character_set_client = @saved_cs_client */;

--
-- Dumping data for table `venta`
--

LOCK TABLES `venta` WRITE;
/*!40000 ALTER TABLE `venta` DISABLE KEYS */;
INSERT INTO `venta` VALUES (1,14,1,1,264.00,3,'2024-10-29','2024-10-29 16:49:28'),(2,15,1,2,70.00,3,'2024-10-29','2024-10-29 19:39:56'),(3,15,3,3,287.00,3,'2024-10-29','2024-10-29 23:29:11'),(4,15,3,4,41.00,3,'2024-11-02','2024-11-03 02:45:36'),(5,15,3,5,462.00,3,'2024-11-02','2024-11-03 02:49:31'),(6,11,3,6,302.00,3,'2024-11-02','2024-11-03 02:58:38'),(7,11,3,7,441.00,3,'2024-11-02','2024-11-03 03:04:00'),(8,11,3,8,21.00,3,'2024-11-02','2024-11-03 03:04:40'),(9,15,3,11,587.25,3,'2024-11-03','2024-11-03 15:06:02'),(10,15,3,12,12865.00,3,'2024-11-03','2024-11-03 16:02:16'),(11,15,3,9,21.00,3,'2024-11-02','2024-11-03 23:53:03'),(12,15,3,13,375.70,3,'2024-11-03','2024-11-04 03:36:37'),(13,15,4,18,35.00,3,'2024-11-03','2024-11-04 03:39:52'),(14,11,3,20,89.70,3,'2024-01-08','2024-01-08 07:41:36'),(15,15,3,21,198.00,3,'2024-01-13','2024-01-13 07:43:34'),(16,15,3,22,912.00,3,'2024-02-22','2024-02-22 07:45:22'),(17,15,3,23,2509.00,3,'2024-03-17','2024-04-10 07:47:51'),(18,15,3,24,196.00,3,'2024-04-10','2024-04-10 07:47:57'),(19,15,4,26,210.00,3,'2024-05-13','2024-05-13 08:49:20'),(20,15,3,25,3344.00,3,'2024-05-13','2024-05-13 08:49:26'),(21,15,4,27,2364.00,3,'2024-06-04','2024-06-04 06:50:56'),(22,15,4,28,455.00,3,'2024-07-07','2024-07-07 06:51:40'),(23,15,4,30,1757.00,3,'2024-09-08','2024-09-08 10:53:31'),(24,15,4,29,5016.00,3,'2024-08-17','2024-09-08 10:53:38'),(25,15,4,33,210.00,3,'2024-09-08','2024-09-08 10:55:06'),(26,15,4,32,675.00,3,'2024-09-08','2024-09-08 10:55:10'),(27,15,3,31,1352.00,3,'2024-09-08','2024-09-08 10:55:13'),(28,15,4,35,1750.00,3,'2024-10-20','2024-10-20 08:56:40'),(29,15,3,36,646.00,3,'2024-10-20','2024-10-20 08:56:47'),(30,15,3,34,2631.00,3,'2024-10-20','2024-10-20 08:56:53'),(31,15,3,37,872.00,3,'2024-10-20','2024-10-20 08:57:55'),(32,15,4,38,1560.00,3,'2024-10-20','2024-10-20 09:00:44'),(33,15,4,39,42.00,3,'2024-08-26','2024-08-26 07:02:51'),(34,15,3,40,520.00,3,'2024-08-26','2024-08-26 07:02:54'),(35,15,3,41,5122.00,3,'2024-08-26','2024-08-26 07:03:39'),(36,15,4,43,2508.00,3,'2024-08-26','2024-08-26 07:06:15'),(37,15,4,42,3940.00,3,'2024-08-26','2024-08-26 07:06:21'),(38,15,4,45,1672.00,3,'2024-07-26','2024-07-26 07:09:22'),(39,15,3,44,175.00,3,'2024-07-26','2024-07-26 07:09:27'),(40,15,3,46,175.00,3,'2024-07-26','2024-07-26 07:09:31'),(41,15,3,47,1182.00,3,'2024-07-26','2024-07-26 07:11:01'),(42,15,4,48,382.00,3,'2024-07-26','2024-07-26 07:11:56'),(43,15,4,49,2926.00,3,'2024-07-26','2024-07-26 07:12:52'),(44,15,4,51,1787.00,3,'2024-10-26','2024-10-26 07:14:50'),(45,15,4,50,549.00,3,'2024-10-26','2024-10-26 07:14:54'),(46,15,4,52,1948.15,3,'2024-10-26','2024-10-26 07:15:47'),(47,15,4,53,982.85,3,'2024-09-26','2024-09-26 07:16:52'),(48,15,4,55,2006.00,3,'2024-09-26','2024-09-26 07:17:53'),(49,15,3,54,70.00,3,'2024-09-26','2024-09-26 07:17:57'),(50,15,4,56,627.00,3,'2024-03-26','2024-03-26 07:19:13'),(51,15,4,57,858.25,3,'2024-03-26','2024-03-26 07:20:01'),(52,11,3,19,415.00,3,'2024-11-04','2024-11-06 03:55:34'),(53,11,3,17,429.00,3,'2024-11-03','2024-11-06 03:55:37'),(54,11,3,16,441.00,3,'2024-11-03','2024-11-06 03:55:41'),(55,11,3,15,735.15,3,'2024-11-03','2024-11-06 03:55:44'),(56,11,5,58,35.00,3,'2024-11-05','2024-11-06 03:57:46'),(57,11,6,59,394.00,3,'2024-11-05','2024-11-06 03:59:27'),(58,15,3,60,195.00,3,'2024-11-06','2024-11-06 21:25:02'),(59,11,7,61,125.00,3,'2024-11-06','2024-11-06 22:39:11'),(60,15,7,63,195.00,3,'2024-11-10','2024-11-10 21:29:59'),(61,15,7,64,47.70,3,'2024-11-10','2024-11-10 21:35:08'),(62,15,7,65,394.00,3,'2024-11-10','2024-11-10 21:38:05'),(63,15,7,66,394.00,3,'2024-11-10','2024-11-10 21:42:28'),(64,15,7,67,415.00,3,'2024-11-10','2024-11-10 21:48:30'),(65,15,7,68,415.00,3,'2024-11-10','2024-11-10 21:51:26'),(66,15,7,69,104.00,3,'2024-11-10','2024-11-10 21:55:20'),(67,15,7,70,104.00,3,'2024-11-10','2024-11-10 21:56:02'),(68,15,7,71,415.00,3,'2024-11-10','2024-11-10 21:58:54'),(69,15,7,72,415.00,3,'2024-11-10','2024-11-10 22:11:23'),(70,15,7,73,415.00,3,'2024-11-10','2024-11-10 22:13:06'),(71,15,7,74,394.00,3,'2024-11-10','2024-11-10 22:24:26'),(72,15,7,75,415.00,3,'2024-11-10','2024-11-10 22:26:36'),(73,15,7,76,415.00,3,'2024-11-10','2024-11-10 22:29:30'),(74,15,7,77,415.00,3,'2024-11-10','2024-11-10 22:31:41'),(75,15,7,78,415.00,3,'2024-11-10','2024-11-10 22:39:12'),(76,15,7,79,415.00,3,'2024-11-10','2024-11-10 22:40:46'),(77,15,7,80,415.00,3,'2024-11-10','2024-11-10 22:41:36'),(78,15,7,81,415.00,3,'2024-11-10','2024-11-10 22:45:40'),(79,15,7,82,415.00,3,'2024-11-10','2024-11-10 22:47:27'),(80,15,7,83,415.00,3,'2024-11-10','2024-11-10 22:51:00'),(81,15,3,84,415.00,3,'2024-11-10','2024-11-10 22:53:19'),(82,15,7,85,415.00,3,'2024-11-10','2024-11-10 22:54:28'),(83,15,7,86,415.00,3,'2024-11-10','2024-11-10 22:55:22'),(84,15,7,87,415.00,3,'2024-11-10','2024-11-10 22:57:16'),(85,15,7,88,415.00,3,'2024-11-10','2024-11-10 23:00:14'),(86,15,7,89,415.00,3,'2024-11-10','2024-11-10 23:02:19'),(87,15,7,90,415.00,3,'2024-11-10','2024-11-10 23:05:07'),(88,15,7,91,415.00,3,'2024-11-10','2024-11-10 23:12:30'),(89,15,7,92,415.00,3,'2024-11-10','2024-11-10 23:16:47'),(90,15,7,93,415.00,3,'2024-11-10','2024-11-10 23:20:51'),(91,15,7,94,415.00,3,'2024-11-11','2024-11-11 22:38:32'),(92,15,7,95,415.00,3,'2024-11-11','2024-11-11 23:07:08'),(93,15,1,96,631.15,3,'2024-11-11','2024-11-11 23:09:33'),(94,15,1,97,394.00,3,'2024-11-11','2024-11-11 23:11:37'),(95,15,3,98,631.15,3,'2024-11-11','2024-11-11 23:12:30'),(96,15,1,99,35.00,3,'2024-11-11','2024-11-11 23:13:27'),(97,15,1,100,237.15,3,'2024-11-11','2024-11-11 23:14:07'),(98,15,1,101,237.15,3,'2024-11-11','2024-11-11 23:14:56'),(99,15,1,102,394.00,3,'2024-11-11','2024-11-11 23:15:49'),(100,15,7,103,415.00,3,'2024-11-12','2024-11-13 01:49:01'),(101,15,7,104,415.00,3,'2024-11-17','2024-11-17 17:42:05');
/*!40000 ALTER TABLE `venta` ENABLE KEYS */;
UNLOCK TABLES;
/*!40103 SET TIME_ZONE=@OLD_TIME_ZONE */;

/*!40101 SET SQL_MODE=@OLD_SQL_MODE */;
/*!40014 SET FOREIGN_KEY_CHECKS=@OLD_FOREIGN_KEY_CHECKS */;
/*!40014 SET UNIQUE_CHECKS=@OLD_UNIQUE_CHECKS */;
/*!40101 SET CHARACTER_SET_CLIENT=@OLD_CHARACTER_SET_CLIENT */;
/*!40101 SET CHARACTER_SET_RESULTS=@OLD_CHARACTER_SET_RESULTS */;
/*!40101 SET COLLATION_CONNECTION=@OLD_COLLATION_CONNECTION */;
/*!40111 SET SQL_NOTES=@OLD_SQL_NOTES */;

-- Dump completed on 2024-12-17  9:27:25
